Date,Open,High,Low,Close,Volume,Dividends,Stock Splits
2020-01-02 00:00:00-05:00,150.0902625907942,151.93353980620552,149.6648931447306,151.82955932617188,22622100,0.0,0.0
2020-01-03 00:00:00-05:00,149.6554101548303,151.196193090949,149.40963030188232,149.93898010253906,21116200,0.0,0.0
2020-01-06 00:00:00-05:00,148.4832764629302,150.39272928536337,147.9444646847199,150.32655334472656,20813700,0.0,0.0
2020-01-07 00:00:00-05:00,150.60071074881336,150.93154722601824,148.71016714066076,148.9559326171875,21634100,0.0,0.0
2020-01-08 00:00:00-05:00,150.23200324889638,151.99967088764276,149.30564115169364,151.32852172851562,27746500,0.0,0.0
2020-01-09 00:00:00-05:00,152.98276776943587,153.34197562938405,152.21710000371593,153.21908569335938,21385000,0.0,0.0
2020-01-10 00:00:00-05:00,153.909144329844,154.2872472384287,152.35888490302304,152.5101318359375,20725900,0.0,0.0
2020-01-13 00:00:00-05:00,152.90714658550698,154.3723206204449,152.43451073060453,154.34396362304688,21626500,0.0,0.0
2020-01-14 00:00:00-05:00,154.44798018924195,154.64649364113086,152.86937779572435,153.25694274902344,23477400,0.0,0.0
2020-01-15 00:00:00-05:00,153.72010076525626,154.96786650736908,153.67284871260028,154.24945068359375,21417900,0.0,0.0
2020-01-16 00:00:00-05:00,155.35540348008348,157.14196634501582,155.05290962474845,157.07579040527344,23865400,0.0,0.0
2020-01-17 00:00:00-05:00,158.25738972858082,158.30465619935018,156.37629381209493,157.9549102783203,34371700,0.0,0.0
2020-01-21 00:00:00-05:00,157.55791362534438,158.985283427841,157.3215956499593,157.3877716064453,29517200,0.0,0.0
2020-01-22 00:00:00-05:00,158.23847448456866,158.3235598983311,156.61260603057121,156.6315155029297,24138800,0.0,0.0
2020-01-23 00:00:00-05:00,157.09469505443082,157.6713113277231,156.22504688259176,157.59568786621094,19680800,0.0,0.0
2020-01-24 00:00:00-05:00,158.3424825375192,158.36139201317255,155.44995298181732,156.00765991210938,24918100,0.0,0.0
2020-01-27 00:00:00-05:00,152.33055036956728,154.43851694569852,151.4325450114777,153.39871215820312,32078100,0.0,0.0
2020-01-28 00:00:00-05:00,154.81661422070258,156.6882483457103,154.14547932010373,156.40467834472656,24899900,0.0,0.0
2020-01-29 00:00:00-05:00,158.65440861589227,159.51460937852576,156.62208010292088,158.8434600830078,34754500,0.0,0.0
2020-01-30 00:00:00-05:00,164.52458079967926,164.52458079967926,161.4429851048328,163.32408142089844,51597500,0.0,0.0
2020-01-31 00:00:00-05:00,162.7852840446557,162.9648735939353,160.29921427404815,160.91363525390625,36142700,0.0,0.0
2020-02-03 00:00:00-05:00,161.10266690413363,164.94993007628167,161.07430990386203,164.8365020751953,30107000,0.0,0.0
2020-02-04 00:00:00-05:00,167.44543856138947,170.75388971293165,166.6608612717509,170.26234436035156,36433300,0.0,0.0
2020-02-05 00:00:00-05:00,173.95834366438353,174.11903811687424,168.64592151325192,170.0543670654297,39186300,0.0,0.0
2020-02-06 00:00:00-05:00,171.06581980124434,173.75984990152529,170.20561909708994,173.5802459716797,27751400,0.0,0.0
2020-02-07 00:00:00-05:00,172.84297337121157,175.47082810975607,172.49321295870286,173.8260498046875,33529100,0.0,0.0
2020-02-10 00:00:00-05:00,173.53298558426346,178.50510968178952,173.22104418313037,178.37277221679688,35844300,0.0,0.0
2020-02-11 00:00:00-05:00,180.21607754330697,180.26334402188803,173.45738939363605,174.345947265625,53159900,0.0,0.0
2020-02-12 00:00:00-05:00,175.4235169852956,175.67874437299267,171.89765772024018,174.60113525390625,47062900,0.0,0.0
2020-02-13 00:00:00-05:00,173.06038836932544,176.03798920849107,172.861874915652,173.65591430664062,35295800,0.0,0.0
2020-02-14 00:00:00-05:00,173.22103937911754,175.26282971697995,172.65387058847747,175.20611572265625,23149500,0.0,0.0
2020-02-18 00:00:00-05:00,175.4519100559709,177.42752477655208,175.34792957469273,176.98324584960938,27792200,0.0,0.0
2020-02-19 00:00:00-05:00,178.25336280783833,178.36710062256168,176.74627891035584,177.5140380859375,29997500,0.51,0.0
2020-02-20 00:00:00-05:00,177.20123010558348,177.48558908217993,171.6562951458951,174.80316162109375,36862400,0.0,0.0
2020-02-21 00:00:00-05:00,173.6183316037425,173.93112500826635,168.00704036902022,169.27716064453125,48572600,0.0,0.0
2020-02-24 00:00:00-05:00,159.0214301307952,165.44787749750017,154.7181659403322,161.97872924804688,68311100,0.0,0.0
2020-02-25 00:00:00-05:00,165.11613557986297,165.72276145726536,158.90769005237027,159.30580139160156,68073300,0.0,0.0
2020-02-26 00:00:00-05:00,160.86024482213514,164.2251136153781,159.43846438675976,161.29624938964844,56206100,0.0,0.0
2020-02-27 00:00:00-05:00,154.80343832364952,158.31996665846233,149.74188971489195,149.93145751953125,93174900,0.0,0.0
2020-02-28 00:00:00-05:00,144.46240975052115,155.17316122234865,144.07378619818417,153.56179809570312,97012700,0.0,0.0
2020-03-02 00:00:00-05:00,156.68969102388243,163.9028581761286,153.84612995671205,163.77963256835938,71030800,0.0,0.0
2020-03-03 00:00:00-05:00,164.73698098446346,165.87440256658573,153.79874085302225,155.93141174316406,71677000,0.0,0.0
2020-03-04 00:00:00-05:00,159.70384194438486,161.79859008690633,156.98349255557616,161.6564178466797,49814400,0.0,0.0
2020-03-05 00:00:00-05:00,157.3911109200166,161.9597582663655,157.04988300701586,157.59963989257812,47817300,0.0,0.0
2020-03-06 00:00:00-05:00,154.1305064578371,154.60443335618072,147.86519228321035,153.14474487304688,72821100,0.0,0.0
2020-03-09 00:00:00-04:00,143.12589028178613,149.5239019334554,142.17803670376105,142.7657012939453,70419300,0.0,0.0
2020-03-10 00:00:00-04:00,149.91255431457344,152.63288998051783,144.6235285924919,152.52862548828125,65354400,0.0,0.0
2020-03-11 00:00:00-04:00,148.93629371027805,149.47656293341387,143.26811675505746,145.61880493164062,56371600,0.0,0.0
2020-03-12 00:00:00-04:00,137.72312904394167,145.46709111192325,131.35355178409353,131.8085174560547,93226400,0.0,0.0
2020-03-13 00:00:00-04:00,139.80840891555962,153.46698304753858,133.3914358600728,150.54759216308594,92727400,0.0,0.0
2020-03-16 00:00:00-04:00,132.6995087823673,141.5619460470006,127.96024061156848,128.35833740234375,87905900,0.0,0.0
2020-03-17 00:00:00-04:00,132.69950524755737,139.8084073143908,127.96023720300174,138.92691040039062,81059800,0.0,0.0
2020-03-18 00:00:00-04:00,130.80381587118453,138.38664577676045,127.97921578102556,133.0786590576172,81593200,0.0,0.0
2020-03-19 00:00:00-04:00,135.32508790671272,142.32023895199598,131.75167511472426,135.26821899414062,85922700,0.0,0.0
2020-03-20 00:00:00-04:00,138.38664247775617,139.4292873501573,128.77540638008531,130.18771362304688,84866200,0.0,0.0
2020-03-23 00:00:00-04:00,129.86541769841315,133.23978869379377,125.60956425248216,128.88912963867188,78975200,0.0,0.0
2020-03-24 00:00:00-04:00,136.25392489001308,141.7988730099055,133.90325253114239,140.6045684814453,82516700,0.0,0.0
2020-03-25 00:00:00-04:00,141.14488563874747,146.28225050950442,136.9079788119045,139.25865173339844,75638200,0.0,0.0
2020-03-26 00:00:00-04:00,140.66146399847827,148.49074374282242,140.63302954842695,147.96942138671875,64568100,0.0,0.0
2020-03-27 00:00:00-04:00,143.83679493970843,146.8130548956865,141.4197651798974,141.89369201660156,57042300,0.0,0.0
2020-03-30 00:00:00-04:00,144.49081435919743,152.22530370208108,142.18752244275748,151.8745880126953,63420300,0.0,0.0
2020-03-31 00:00:00-04:00,151.08783738874433,156.1872936874246,148.39593700408997,149.48597717285156,77927200,0.0,0.0
2020-04-01 00:00:00-04:00,145.02158279515615,149.52388683618224,142.955269145982,144.17799377441406,57969900,0.0,0.0
2020-04-02 00:00:00-04:00,143.94104566900393,147.3722710107029,142.51926529474,147.1637420654297,49630700,0.0,0.0
2020-04-03 00:00:00-04:00,147.01211258227983,149.17321783075897,144.25385488302902,145.80833435058594,41243300,0.0,0.0
2020-04-06 00:00:00-04:00,151.9599360318996,157.81766587712184,149.36281127861645,156.6518096923828,67111700,0.0,0.0
2020-04-07 00:00:00-04:00,160.7464665837294,161.13508997776,154.74655238016243,154.96456909179688,62769000,0.0,0.0
2020-04-08 00:00:00-04:00,157.0309233879731,157.9787771039358,154.97408255990595,156.5190887451172,48318200,0.0,0.0
2020-04-09 00:00:00-04:00,157.68490104666392,158.6422278276437,154.81290624062876,156.5285186767578,51385100,0.0,0.0
2020-04-13 00:00:00-04:00,155.77974277463417,156.9361253075692,153.83664002908935,156.87924194335938,41905300,0.0,0.0
2020-04-14 00:00:00-04:00,160.18724229929663,164.68954644676208,159.23938879456708,164.64215087890625,52874300,0.0,0.0
2020-04-15 00:00:00-04:00,162.27253576214963,164.51895866137778,160.41475077875486,162.91708374023438,40940800,0.0,0.0
2020-04-16 00:00:00-04:00,165.2109340606031,168.03553457135087,163.8839299516735,167.80804443359375,50479600,0.0,0.0
2020-04-17 00:00:00-04:00,170.13976003718153,170.6136869453631,166.6990460555909,169.2866973876953,52765600,0.0,0.0
2020-04-20 00:00:00-04:00,167.41941173715273,169.42885704991627,165.86493217267332,165.9312744140625,36669600,0.0,0.0
2020-04-21 00:00:00-04:00,164.4525719632538,164.6137053126031,157.44793561492781,159.0687713623047,56203700,0.0,0.0
2020-04-22 00:00:00-04:00,162.45267007355434,164.92656918992733,161.91240090219344,164.4716033935547,34620200,0.0,0.0
2020-04-23 00:00:00-04:00,165.0307923638797,165.93125039938644,161.99766370912621,162.48106384277344,32790800,0.0,0.0
2020-04-24 00:00:00-04:00,163.0876697944209,165.45730352841656,161.80807625592118,165.4478302001953,34277600,0.0,0.0
2020-04-27 00:00:00-04:00,167.38149548370984,167.67532784131654,164.26306291230537,164.9739532470703,33194400,0.0,0.0
2020-04-28 00:00:00-04:00,166.4336412831067,166.50947132086196,160.55695075653242,160.95504760742188,34392700,0.0,0.0
2020-04-29 00:00:00-04:00,164.18723229946127,168.41465204272475,162.91711171027274,168.1776885986328,51286600,0.0,0.0
2020-04-30 00:00:00-04:00,170.61368155033583,170.99281727965172,167.0402687259744,169.86488342285156,53875900,0.0,0.0
2020-05-01 00:00:00-04:00,166.63268339420114,169.32458443172894,164.93601717144193,165.46682739257812,39370500,0.0,0.0
2020-05-04 00:00:00-04:00,165.39099015883954,169.6658049540385,164.73696882006053,169.51414489746094,30372900,0.0,0.0
2020-05-05 00:00:00-04:00,171.20136170541036,174.07335778006862,170.51890576062996,171.3340606689453,36839200,0.0,0.0
2020-05-06 00:00:00-04:00,172.58518988955504,174.59463494769062,172.15865865064302,173.0211944580078,32139300,0.0,0.0
2020-05-07 00:00:00-04:00,174.56619370740268,174.926382699325,173.05910997240878,174.0259246826172,28316000,0.0,0.0
2020-05-08 00:00:00-04:00,175.33396531278456,175.35292643558043,173.79844701759438,175.0496063232422,30877800,0.0,0.0
2020-05-11 00:00:00-04:00,173.5993766766979,177.73201884699927,173.31503217434738,177.00218200683594,30892700,0.0,0.0
2020-05-12 00:00:00-04:00,177.0590832769533,177.28655892042042,172.7937414047397,172.99278259277344,32038200,0.0,0.0
2020-05-13 00:00:00-04:00,173.03065584739994,174.45243606888542,167.33404717026656,170.3766632080078,44711500,0.0,0.0
2020-05-14 00:00:00-04:00,168.28194005356912,171.2676878956432,166.51893158760433,171.11602783203125,41873900,0.0,0.0
2020-05-15 00:00:00-04:00,169.72268077345782,177.30551035404773,167.77010447055184,173.60888671875,46610400,0.0,0.0
2020-05-18 00:00:00-04:00,176.0638481615598,176.490379490596,174.36719617695738,175.2676544189453,35264500,0.0,0.0
2020-05-19 00:00:00-04:00,175.38137174005942,176.8695090149878,173.92168338263468,174.05438232421875,26799100,0.0,0.0
2020-05-20 00:00:00-04:00,175.66073302552329,176.6492545653056,174.83380817279541,176.46865844726562,31261300,0.51,0.0
2020-05-21 00:00:00-04:00,176.22151846713524,177.428649474258,174.21597626776312,174.3490447998047,29119500,0.0,0.0
2020-05-22 00:00:00-04:00,174.12091369625077,175.32804455149363,173.50308419399207,174.42506408691406,20826900,0.0,0.0
2020-05-26 00:00:00-04:00,177.11494371976403,177.26702615062376,172.13436738782855,172.5811004638672,36073600,0.0,0.0
2020-05-27 00:00:00-04:00,171.27890913531226,172.98030045667377,167.85714157024967,172.8092041015625,39517100,0.0,0.0
2020-05-28 00:00:00-04:00,171.79218001595007,175.03335144358766,171.45000181643846,172.41949462890625,33810200,0.0,0.0
2020-05-29 00:00:00-04:00,173.68367206153434,175.1474401638824,171.47853469767063,174.1779327392578,42130400,0.0,0.0
2020-06-01 00:00:00-04:00,173.5030505874689,173.94028391212214,172.47653052735325,173.77870178222656,22622400,0.0,0.0
2020-06-02 00:00:00-04:00,175.12845379560204,175.8413240281486,172.3720280311082,175.7557830810547,30794600,0.0,0.0
2020-06-03 00:00:00-04:00,175.67019636866664,176.73474433085303,174.49157933669008,176.18345642089844,27311000,0.0,0.0
2020-06-04 00:00:00-04:00,175.1759587709763,176.63971241141127,173.2749717295189,173.86427307128906,28761800,0.0,0.0
2020-06-05 00:00:00-04:00,173.5791559103173,178.43617932704035,172.99935416964996,177.9324188232422,39893600,0.0,0.0
2020-06-08 00:00:00-04:00,176.73478039775375,179.21556924712382,175.309040013136,179.03497314453125,33211600,0.0,0.0
2020-06-09 00:00:00-04:00,178.6927800443984,181.25910962308345,177.98940962513453,180.40367126464844,29783900,0.0,0.0
2020-06-10 00:00:00-04:00,181.66781392729945,188.69195979526327,181.55374485339544,187.09512329101562,43872300,0.0,0.0
2020-06-11 00:00:00-04:00,183.5688491419262,186.06863765914875,176.85836607865363,177.0484619140625,52854700,0.0,0.0
2020-06-12 00:00:00-04:00,181.1069873177415,182.228576955462,176.01234264068265,178.44561767578125,43373600,0.0,0.0
2020-06-15 00:00:00-04:00,175.44207556438678,181.3731596709733,174.90028735842841,179.5862274169922,32770200,0.0,0.0
2020-06-16 00:00:00-04:00,183.3407021258186,185.89753212160974,181.98150329725257,183.98704528808594,42556700,0.0,0.0
2020-06-17 00:00:00-04:00,185.37475436642524,186.60089915769962,184.10109650074745,184.62387084960938,25687800,0.0,0.0
2020-06-18 00:00:00-04:00,184.39573922892131,186.76247326807626,184.39573922892131,186.60089111328125,23061600,0.0,0.0
2020-06-19 00:00:00-04:00,188.75853105299961,189.4238737093687,184.74744667739753,185.48883056640625,44441100,0.0,0.0
2020-06-22 00:00:00-04:00,186.09710051660872,190.82105397926182,185.56482652138783,190.64047241210938,32818900,0.0,0.0
2020-06-23 00:00:00-04:00,192.0852512006235,193.85316990489886,191.45792193382675,191.91416931152344,30917400,0.0,0.0
2020-06-24 00:00:00-04:00,191.619472943819,193.18778123366354,186.82897814336556,188.0456085205078,36740600,0.0,0.0
2020-06-25 00:00:00-04:00,188.00761269061277,190.6784970410009,185.79296114833386,190.42185974121094,27803900,0.0,0.0
2020-06-26 00:00:00-04:00,189.84210060037077,189.99418307154866,185.23221490692956,186.6104278564453,54675800,0.0,0.0
2020-06-29 00:00:00-04:00,186.08760498304542,188.70146194950837,183.96800866755066,188.6159210205078,26701600,0.0,0.0
2020-06-30 00:00:00-04:00,188.08368255293655,194.28089052562854,187.95061402599853,193.43495178222656,34310300,0.0,0.0
2020-07-01 00:00:00-04:00,193.0832420355836,196.1343324418635,191.78107062870032,194.56600952148438,32061200,0.0,0.0
2020-07-02 00:00:00-04:00,195.49747916723908,197.72164478695544,194.85115060490307,196.04876708984375,29315800,0.0,0.0
2020-07-06 00:00:00-04:00,198.49157881412916,200.67771697922893,197.78820833392348,200.2689971923828,31897600,0.0,0.0
2020-07-07 00:00:00-04:00,200.03132911943715,204.04241234730003,197.69312352420133,197.94024658203125,33600700,0.0,0.0
2020-07-08 00:00:00-04:00,199.67017648667414,202.70223856853215,198.35849081572363,202.2935333251953,33600000,0.0,0.0
2020-07-09 00:00:00-04:00,205.62024918097012,205.66777675400772,201.00085044726796,203.7097625732422,33121700,0.0,0.0
2020-07-10 00:00:00-04:00,203.04442188603093,203.48165528840798,200.63017471738777,203.09194946289062,26177600,0.0,0.0
2020-07-13 00:00:00-04:00,203.86182504239108,205.11648332076217,196.27689159753407,196.8186798095703,38135600,0.0,0.0
2020-07-14 00:00:00-04:00,195.92521229609352,198.51055554544172,192.02818349282316,198.03530883789062,37591800,0.0,0.0
2020-07-15 00:00:00-04:00,199.1854158039586,200.867793362139,194.87968140351137,197.74066162109375,32179400,0.0,0.0
2020-07-16 00:00:00-04:00,195.23134167200274,195.51649259722572,192.29432049997686,193.82461547851562,29940700,0.0,0.0
2020-07-17 00:00:00-04:00,194.3474171263726,194.88919090755047,191.4198952550157,192.8361358642578,31635300,0.0,0.0
2020-07-20 00:00:00-04:00,194.8511575839136,201.78976268148,192.95967039395572,201.12442016601562,36884800,0.0,0.0
2020-07-21 00:00:00-04:00,203.08243850870448,203.34857552033253,197.73115562552331,198.41551208496094,37990400,0.0,0.0
2020-07-22 00:00:00-04:00,198.8432520443965,201.78978791424657,198.07335457284609,201.2670135498047,49605700,0.0,0.0
2020-07-23 00:00:00-04:00,196.93274275439686,200.47807930746816,192.14224758300097,192.512939453125,67457000,0.0,0.0
2020-07-24 00:00:00-04:00,190.4979268301186,192.81713354998143,187.7319869550339,191.33436584472656,39827000,0.0,0.0
2020-07-27 00:00:00-04:00,191.4959383657706,193.87217226170424,190.91613671502756,193.75811767578125,30160900,0.0,0.0
2020-07-28 00:00:00-04:00,193.52998850951334,194.56602297793356,191.75257024686763,192.01870727539062,23251400,0.0,0.0
2020-07-29 00:00:00-04:00,192.4749653712374,194.51852093061618,192.0092182585042,193.95773315429688,19632600,0.0,0.0
2020-07-30 00:00:00-04:00,191.04919294548517,194.3379068274269,189.68999420605252,193.8056182861328,25079600,0.0,0.0
2020-07-31 00:00:00-04:00,194.28083994092853,194.94619690576195,189.15768123265423,194.8606414794922,51044000,0.0,0.0
2020-08-03 00:00:00-04:00,201.0483878405726,206.86540338070947,200.02185312701084,205.81985473632812,78983000,0.0,0.0
2020-08-04 00:00:00-04:00,203.56721293636207,204.13751489873653,199.8983070536526,202.73077392578125,49280100,0.0,0.0
2020-08-05 00:00:00-04:00,204.26107646912982,204.35613163403326,201.09594542586711,202.3981170654297,28806400,0.0,0.0
2020-08-06 00:00:00-04:00,201.82779386667735,205.65828165484047,201.07691035504746,205.6392822265625,32656800,0.0,0.0
2020-08-07 00:00:00-04:00,204.21357159256627,205.021482513169,200.48762362874464,201.9608917236328,27820400,0.0,0.0
2020-08-10 00:00:00-04:00,201.19093220446166,201.39054219594667,196.1343149595848,197.94024658203125,36716500,0.0,0.0
2020-08-11 00:00:00-04:00,196.90421954309804,197.3699520347846,193.08323194975972,193.3113555908203,36446500,0.0,0.0
2020-08-12 00:00:00-04:00,195.1268218072775,199.86979002066158,194.61356165253872,198.83375549316406,28013100,0.0,0.0
2020-08-13 00:00:00-04:00,199.07138196002268,200.88682821734017,197.8452370937874,198.36801147460938,22588900,0.0,0.0
2020-08-14 00:00:00-04:00,198.42502169750838,199.21393305825572,197.23690479940333,198.55809020996094,17958900,0.0,0.0
2020-08-17 00:00:00-04:00,199.22345284512505,200.73473410095306,198.577109692729,199.86978149414062,20184800,0.0,0.0
2020-08-18 00:00:00-04:00,200.10740203040297,201.84680693348818,198.85275811055578,201.01988220214844,21336200,0.0,0.0
2020-08-19 00:00:00-04:00,201.50579719810975,202.08700035706565,199.37153987670285,199.80029296875,27627600,0.51,0.0
2020-08-20 00:00:00-04:00,199.64780055786204,204.85004531486274,199.04755217168022,204.4498748779297,26981500,0.0,0.0
2020-08-21 00:00:00-04:00,203.7639336758104,206.04110414119745,202.80161976429585,202.96359252929688,36249300,0.0,0.0
2020-08-24 00:00:00-04:00,204.65000551578154,205.34555352569097,202.4014178114079,203.60194396972656,25460100,0.0,0.0
2020-08-25 00:00:00-04:00,203.0398003733022,206.38409208408316,203.0398003733022,206.25070190429688,23043700,0.0,0.0
2020-08-26 00:00:00-04:00,207.59410079861183,211.6053426331108,207.0986454243978,210.709716796875,39600800,0.0,0.0
2020-08-27 00:00:00-04:00,212.36760613351487,220.2376553277193,209.04235998516526,215.88340759277344,57602200,0.0,0.0
2020-08-28 00:00:00-04:00,217.40787607007542,219.75174867918676,215.8834189640669,218.10342407226562,26292900,0.0,0.0
2020-08-31 00:00:00-04:00,216.2835998158093,217.90334192876838,213.72058919228218,214.88299560546875,28774200,0.0,0.0
2020-09-01 00:00:00-04:00,214.86391091647602,216.71232793524112,213.83489480690253,216.54083251953125,25725500,0.0,0.0
2020-09-02 00:00:00-04:00,217.2078311076378,221.86697992483204,216.61710516132678,220.71409606933594,34080800,0.0,0.0
2020-09-03 00:00:00-04:00,218.44644645781082,218.48455170958857,204.8120064646057,207.04153442382812,58400300,0.0,0.0
2020-09-04 00:00:00-04:00,204.9453609972527,208.0514545913692,195.5031981874679,204.13548278808594,59664100,0.0,0.0
2020-09-08 00:00:00-04:00,196.75135022135257,200.11470143736412,192.6543458320582,193.09263610839844,52924300,0.0,0.0
2020-09-09 00:00:00-04:00,197.79944426823292,204.697642740119,196.9419235287555,201.3152313232422,45679000,0.0,0.0
2020-09-10 00:00:00-04:00,203.32560902386254,204.60236011002283,194.47418635865475,195.67469787597656,35461500,0.0,0.0
2020-09-11 00:00:00-04:00,197.41831048120244,198.78080929672177,191.73968373953392,194.39796447753906,33620100,0.0,0.0
2020-09-14 00:00:00-04:00,194.59805053998278,199.32388603691476,194.39795802128066,195.7128143310547,30375800,0.0,0.0
2020-09-15 00:00:00-04:00,198.58070070929145,199.8764970654058,197.16103686948387,198.9237060546875,21823900,0.0,0.0
2020-09-16 00:00:00-04:00,200.67685071707825,200.70543328613255,194.97916418339267,195.36981201171875,26328100,0.0,0.0
2020-09-17 00:00:00-04:00,190.60585800070598,194.6838026501684,190.5201102929385,193.33084106445312,34011300,0.0,0.0
2020-09-18 00:00:00-04:00,193.22603963005503,194.0359033488756,186.98525496432242,190.9298095703125,55225300,0.0,0.0
2020-09-21 00:00:00-04:00,187.88089322203805,193.140304553541,187.109134700145,192.9783172607422,39839700,0.0,0.0
2020-09-22 00:00:00-04:00,195.37935717841205,198.27585050912126,192.54004353083127,197.62794494628906,33517100,0.0,0.0
2020-09-23 00:00:00-04:00,198.08527768743798,198.27584755147745,190.58681585985815,191.12037658691406,30803800,0.0,0.0
2020-09-24 00:00:00-04:00,190.4153069509795,195.8652732003476,189.79598401356498,193.59762573242188,31202500,0.0,0.0
2020-09-25 00:00:00-04:00,193.94064144048286,199.17145554804117,192.9783130746284,198.00906372070312,29437300,0.0,0.0
2020-09-28 00:00:00-04:00,200.92463410357064,202.53485372758092,198.23775565768426,199.5526123046875,32004900,0.0,0.0
2020-09-29 00:00:00-04:00,199.46680817135086,200.15281887680132,197.0467108108903,197.4754638671875,24221900,0.0,0.0
2020-09-30 00:00:00-04:00,197.92331080881587,201.97267338638392,196.78948696094645,200.40057373046875,33829100,0.0,0.0
2020-10-01 00:00:00-04:00,203.41138162597977,203.88777718640915,201.34382663832886,202.4300079345703,27158400,0.0,0.0
2020-10-02 00:00:00-04:00,198.18054316818606,201.02939371006642,195.8366707318804,196.45599365234375,33154800,0.0,0.0
2020-10-05 00:00:00-04:00,197.4373880733873,200.47679424204267,197.2087129579813,200.44821166992188,21331600,0.0,0.0
2020-10-06 00:00:00-04:00,198.96186538347163,200.2576474587062,195.15070058306898,196.18923950195312,28554300,0.0,0.0
2020-10-07 00:00:00-04:00,197.2849132698332,200.1909288915541,196.96096780077255,199.9241485595703,25681100,0.0,0.0
2020-10-08 00:00:00-04:00,200.57206106834602,201.21996661458442,198.48546064844754,200.63876342773438,19925800,0.0,0.0
2020-10-09 00:00:00-04:00,201.25807145801653,205.6694991548574,201.25807145801653,205.62185668945312,26458000,0.0,0.0
2020-10-12 00:00:00-04:00,208.46116681722611,213.29182486837524,206.5746444335624,210.9479522705078,40461400,0.0,0.0
2020-10-13 00:00:00-04:00,212.2056601046975,214.57811545870766,210.0237600855834,212.33905029296875,28950800,0.0,0.0
2020-10-14 00:00:00-04:00,212.47242892410338,213.634835303714,208.78513178296774,210.43345642089844,23421700,0.0,0.0
2020-10-15 00:00:00-04:00,206.8509873279706,209.9570815862142,205.81243381054406,209.29013061523438,22733100,0.0,0.0
2020-10-16 00:00:00-04:00,209.75698902569985,211.79596173037572,208.96618507767857,209.29013061523438,26057900,0.0,0.0
2020-10-19 00:00:00-04:00,210.01425187181692,211.8055041277788,203.6305532132676,204.10694885253906,27625800,0.0,0.0
2020-10-20 00:00:00-04:00,205.61235071965658,207.10822539351736,203.03028008469627,204.51663208007812,22753500,0.0,0.0
2020-10-21 00:00:00-04:00,203.05883403594683,206.67944311393921,203.05883403594683,204.65953063964844,22724900,0.0,0.0
2020-10-22 00:00:00-04:00,203.83061434447285,205.86006425184692,201.70589404020626,204.74530029296875,22351500,0.0,0.0
2020-10-23 00:00:00-04:00,204.87867200393134,206.06966089598714,203.09695727371624,206.0220184326172,18879600,0.0,0.0
2020-10-26 00:00:00-04:00,203.75442658606894,206.12686763320366,198.275876577037,200.1623992919922,37111600,0.0,0.0
2020-10-27 00:00:00-04:00,201.60108711313487,204.53568576239945,200.4005754314339,203.18272399902344,36700300,0.0,0.0
2020-10-28 00:00:00-04:00,197.86612718749194,198.98089103661246,192.55908828842558,193.1116943359375,51195600,0.0,0.0
2020-10-29 00:00:00-04:00,194.43608102293118,197.57075725259926,193.76911564184445,195.05538940429688,31432600,0.0,0.0
2020-10-30 00:00:00-04:00,193.89301013017186,194.64570878486924,190.19617560413607,192.91163635253906,36953700,0.0,0.0
2020-11-02 00:00:00-05:00,194.64569121058761,195.58895965178482,190.67255399086878,192.77822875976562,30842200,0.0,0.0
2020-11-03 00:00:00-05:00,194.26457884266878,198.29488116733683,193.5309256171822,196.68466186523438,27512000,0.0,0.0
2020-11-04 00:00:00-05:00,203.9163888850281,208.01339419763795,202.39191705851812,206.17449951171875,42311800,0.0,0.0
2020-11-05 00:00:00-05:00,211.55775973379434,213.5395672501234,210.70977611493413,212.74874877929688,36080100,0.0,0.0
2020-11-06 00:00:00-05:00,211.76738088350064,213.76824835120496,207.73707791171776,213.15846252441406,25231900,0.0,0.0
2020-11-09 00:00:00-05:00,213.84443666623005,217.35070093341986,207.59412938058674,208.08004760742188,44395000,0.0,0.0
2020-11-10 00:00:00-05:00,204.37369285917435,206.27927507697552,199.81935252170467,201.04844665527344,44045100,0.0,0.0
2020-11-11 00:00:00-05:00,202.36330501469286,207.74656901719345,202.1822723760831,206.32691955566406,29440800,0.0,0.0
2020-11-12 00:00:00-05:00,206.95576195060497,208.76605923155117,204.33558641645527,205.26931762695312,21593900,0.0,0.0
2020-11-13 00:00:00-05:00,206.1458902459224,207.15584652138176,204.04975265970353,206.28880310058594,18621100,0.0,0.0
2020-11-16 00:00:00-05:00,204.72623524216695,207.4607558021883,204.3927670537816,206.97482299804688,24953300,0.0,0.0
2020-11-17 00:00:00-05:00,205.89817875225006,207.4035760150649,203.97353650780587,204.33560180664062,24154100,0.0,0.0
2020-11-18 00:00:00-05:00,204.0967850562555,205.54882340937317,201.49840677236205,201.64170837402344,28372800,0.56,0.0
2020-11-19 00:00:00-05:00,201.92833830083129,203.50455420596532,200.54316208397924,202.9218292236328,24792700,0.0,0.0
2020-11-20 00:00:00-05:00,202.71159322047438,203.75285098407457,200.60996790062518,200.98252868652344,22843100,0.0,0.0
2020-11-23 00:00:00-05:00,201.5175090959758,202.79758839493735,198.8522684913318,200.71507263183594,25683500,0.0,0.0
2020-11-24 00:00:00-05:00,200.2183647722904,204.67000048660313,199.52101015893854,204.2974395751953,33979700,0.0,0.0
2020-11-25 00:00:00-05:00,205.49147460908594,205.6634190108347,202.95997374000245,204.30691528320312,21012900,0.0,0.0
2020-11-27 00:00:00-05:00,205.2431262455821,206.59963010957043,204.46933263042834,205.6061248779297,14512200,0.0,0.0
2020-11-30 00:00:00-05:00,204.52665850131285,205.1571359367757,201.41241802939734,204.4980010986328,33064800,0.0,0.0
2020-12-01 00:00:00-05:00,204.918345666345,207.60271092943285,203.8102252491727,206.54234313964844,30904500,0.0,0.0
2020-12-02 00:00:00-05:00,205.27178751909085,205.83540256077225,203.28479159484732,205.7398681640625,23724500,0.0,0.0
2020-12-03 00:00:00-05:00,205.01382084202208,206.70468025105197,204.09674035237035,204.66036987304688,25120900,0.0,0.0
2020-12-04 00:00:00-05:00,204.64130026023815,205.74943515132207,203.64779498667923,204.77503967285156,24666000,0.0,0.0
2020-12-07 00:00:00-05:00,204.7845697389054,205.90225214353387,203.46628552079312,204.70814514160156,24620000,0.0,0.0
2020-12-08 00:00:00-05:00,204.40249603859206,207.2492435331861,203.37078566454701,206.3512725830078,23284100,0.0,0.0
2020-12-09 00:00:00-05:00,205.53924307323217,205.60610548215897,201.76586805434036,202.32948303222656,32440600,0.0,0.0
2020-12-10 00:00:00-05:00,202.30084226889505,203.55226411394892,200.95388603008814,201.1067352294922,26733300,0.0,0.0
2020-12-11 00:00:00-05:00,200.65776889930476,203.7815572928785,199.75979798803561,203.72422790527344,30979400,0.0,0.0
2020-12-14 00:00:00-05:00,203.57135650628612,206.54229514941832,203.36119251919632,204.62216186523438,28798400,0.0,0.0
2020-12-15 00:00:00-05:00,205.54877306906567,205.7875944368426,202.74979363543983,204.55528259277344,27000600,0.0,0.0
2020-12-16 00:00:00-05:00,205.14756389617955,210.26789482840616,205.11890649691244,209.47500610351562,35023300,0.0,0.0
2020-12-17 00:00:00-05:00,210.03865554331327,211.01305100787835,208.17585140260252,209.60877990722656,32515800,0.0,0.0
2020-12-18 00:00:00-05:00,208.81588745117188,209.86670750037604,206.36081090203456,208.81588745117188,63354900,0.0,0.0
2020-12-21 00:00:00-05:00,207.82234604604767,213.98393409003694,207.56441490121594,212.63697814941406,37181900,0.0,0.0
2020-12-22 00:00:00-05:00,212.73254404895405,215.54108593235114,211.93010767555515,213.92665100097656,22612200,0.0,0.0
2020-12-23 00:00:00-05:00,213.13379645357705,213.5636721100201,210.9270887842,211.1372528076172,18699600,0.0,0.0
2020-12-24 00:00:00-05:00,211.5193092604936,213.6113867942112,211.30914528874573,212.7898406982422,10550600,0.0,0.0
2020-12-28 00:00:00-05:00,214.41382656244667,215.92317939460656,213.04777530052024,214.90103149414062,17933500,0.0,0.0
2020-12-29 00:00:00-05:00,216.19072488267318,217.02181885579938,213.58279875642918,214.12730407714844,17403200,0.0,0.0
2020-12-30 00:00:00-05:00,215.1589669166923,215.54108989426393,211.5670983865259,211.7677001953125,20272300,0.0,0.0
2020-12-31 00:00:00-05:00,211.78678740642096,213.02866144223617,209.85710666081582,212.47459411621094,20942100,0.0,0.0
2021-01-04 00:00:00-05:00,212.57969433100567,213.02867970996735,205.20488864757192,207.95611572265625,37130100,0.0,0.0
2021-01-05 00:00:00-05:00,207.54534083146888,208.7490099968448,206.055097651957,208.15672302246094,23823000,0.0,0.0
2021-01-06 00:00:00-05:00,202.68292904615478,206.80976953034184,202.46321745578845,202.7593536376953,35930700,0.0,0.0
2021-01-07 00:00:00-05:00,204.46934784854162,209.53236504897438,204.1541163901864,208.52931213378906,27694500,0.0,0.0
2021-01-08 00:00:00-05:00,208.90186433865418,210.71691586641606,207.32564880606074,209.79983520507812,22956200,0.0,0.0
2021-01-11 00:00:00-05:00,208.70128216910732,209.12161023779376,207.03907969107567,207.76510620117188,23031300,0.0,0.0
2021-01-12 00:00:00-05:00,206.81933974373354,207.3925169546865,203.78153842458812,205.3195343017578,23249300,0.0,0.0
2021-01-13 00:00:00-05:00,204.45021848172806,207.06769157243323,204.36423170367146,206.66647338867188,20087100,0.0,0.0
2021-01-14 00:00:00-05:00,206.2557551649048,207.73645103135723,203.22750100753655,203.49497985839844,29480800,0.0,0.0
2021-01-15 00:00:00-05:00,203.97261852880033,204.9183420974723,202.54923750603135,203.14151000976562,31746500,0.0,0.0
2021-01-19 00:00:00-05:00,204.19230325087497,207.2778717519121,203.12238801060246,206.76202392578125,30480900,0.0,0.0
2021-01-20 00:00:00-05:00,207.9657104069132,215.6939688321935,207.57403974060497,214.30880737304688,37777300,0.0,0.0
2021-01-21 00:00:00-05:00,214.65268280655076,216.18114567833973,212.47463268897792,214.91061401367188,30709400,0.0,0.0
2021-01-22 00:00:00-05:00,216.92627926708488,219.7825887676581,215.70351473291043,215.8468017578125,30172700,0.0,0.0
2021-01-25 00:00:00-05:00,218.87502253781977,219.5055145049017,214.19412913094075,219.26669311523438,33152100,0.0,0.0
2021-01-26 00:00:00-05:00,221.49252764749383,223.70878273824454,219.79212038536122,221.94151306152344,49169600,0.0,0.0
2021-01-27 00:00:00-05:00,227.35795442856718,229.68885343646144,219.84940963622762,222.48599243164062,69870600,0.0,0.0
2021-01-28 00:00:00-05:00,225.07487311695797,231.79053068312115,224.5781204522102,228.2464141845703,49111200,0.0,0.0
2021-01-29 00:00:00-05:00,225.437858347954,227.377086987308,221.00533366135892,221.5880584716797,42503100,0.0,0.0
2021-02-01 00:00:00-05:00,224.54940149192532,231.6567277604019,222.03699602740483,228.9341583251953,33314200,0.0,0.0
2021-02-02 00:00:00-05:00,230.51043029200613,231.47526355109804,228.0171341621031,228.8004608154297,25916300,0.0,0.0
2021-02-03 00:00:00-05:00,228.85779186575422,234.13095819780892,228.5616410677944,232.13441467285156,27158100,0.0,0.0
2021-02-04 00:00:00-05:00,231.80964994475156,232.36371744411298,229.62203735447068,231.18870544433594,25296100,0.0,0.0
2021-02-05 00:00:00-05:00,231.3988203649493,232.40187313232684,229.66975580932288,231.3701629638672,18054800,0.0,0.0
2021-02-08 00:00:00-05:00,232.27768473686635,232.78398493204895,230.04231996079577,231.6280975341797,22211900,0.0,0.0
2021-02-09 00:00:00-05:00,231.0549132931618,233.81568797324968,230.58683269861282,232.86996459960938,23565000,0.0,0.0
2021-02-10 00:00:00-05:00,234.04497905294213,234.92384008224641,230.11875453556536,231.96246337890625,22186700,0.0,0.0
2021-02-11 00:00:00-05:00,233.83479617171466,234.1882471613524,231.32239050634175,233.55776977539062,15751100,0.0,0.0
2021-02-12 00:00:00-05:00,233.02278551420997,234.33153656401527,231.87644582707026,234.035400390625,16561100,0.0,0.0
2021-02-16 00:00:00-05:00,234.0736321982964,235.12445220145085,232.05797897515586,232.8031005859375,26728500,0.0,0.0
2021-02-17 00:00:00-05:00,231.06050473804564,233.92337823277546,230.6966554202905,233.81805419921875,21653500,0.56,0.0
2021-02-18 00:00:00-05:00,231.5200733907211,233.5595082453593,230.6200343854476,233.4254608154297,16925600,0.0,0.0
2021-02-19 00:00:00-05:00,233.38716644155568,233.4924904651733,229.96893508329921,230.72535705566406,25262600,0.0,0.0
2021-02-22 00:00:00-05:00,227.3262650669372,227.81457753992933,222.5196825099507,224.53997802734375,36446900,0.0,0.0
2021-02-23 00:00:00-05:00,220.53774164184946,224.84642843687783,219.0057582706978,223.35275268554688,30228700,0.0,0.0
2021-02-24 00:00:00-05:00,220.2313141829066,225.20066806135043,219.26425873805556,224.57830810546875,26339700,0.0,0.0
2021-02-25 00:00:00-05:00,222.21331214271885,224.6165963051779,218.1918745974985,219.2546844482422,39542200,0.0,0.0
2021-02-26 00:00:00-05:00,221.68668056272455,225.36342243638325,219.78127860873562,222.50054931640625,37819200,0.0,0.0
2021-03-01 00:00:00-05:00,225.87090575494236,227.37416554950934,223.2378196722922,226.86669921875,25324000,0.0,0.0
2021-03-02 00:00:00-05:00,226.93370515768925,227.21138422250442,223.5250580328917,223.9272003173828,22812500,0.0,0.0
2021-03-03 00:00:00-05:00,222.28990807796603,223.64953616836328,217.59821886567516,217.88546752929688,34029500,0.0,0.0
2021-03-04 00:00:00-05:00,217.100358745604,222.60590268379033,214.72578318866238,217.0907745361328,44727800,0.0,0.0
2021-03-05 00:00:00-05:00,219.7621508732522,223.35272272073442,216.8322465833186,221.75372314453125,41872800,0.0,0.0
2021-03-08 00:00:00-05:00,221.53346048244356,223.44843187162684,217.47373048782126,217.72267150878906,35267400,0.0,0.0
2021-03-09 00:00:00-05:00,222.97930254117327,225.37301709229348,221.82073826999846,223.84103393554688,33080500,0.0,0.0
2021-03-10 00:00:00-05:00,226.9240889353295,226.9240889353295,222.17495389458085,222.53880310058594,29746800,0.0,0.0
2021-03-11 00:00:00-05:00,224.97087205019426,229.001879123352,224.34849750846828,227.04861450195312,29907600,0.0,0.0
2021-03-12 00:00:00-05:00,224.0612490943871,225.79431068260828,223.31441133153996,225.72727966308594,22653700,0.0,0.0
2021-03-15 00:00:00-04:00,224.97085635878273,225.19107398861252,221.9547675055726,224.8272247314453,26034900,0.0,0.0
2021-03-16 00:00:00-04:00,226.2347458255093,229.854041015424,225.909204156804,227.6039581298828,28092200,0.0,0.0
2021-03-17 00:00:00-04:00,226.11030146698576,228.40827651525225,223.31444424349294,226.96246337890625,29562100,0.0,0.0
2021-03-18 00:00:00-04:00,222.67285709939273,224.2335633607968,220.537668222615,220.9110870361328,34833000,0.0,0.0
2021-03-19 00:00:00-04:00,221.19838326764514,222.58673481626653,219.59938366501783,220.55686950683594,46430700,0.0,0.0
2021-03-22 00:00:00-04:00,220.48027202322757,226.82839330995083,220.35579418679632,225.95709228515625,30127000,0.0,0.0
2021-03-23 00:00:00-04:00,227.39330671357888,230.8019538061581,226.99116443288878,227.47947692871094,31638400,0.0,0.0
2021-03-24 00:00:00-04:00,227.73800598232168,227.881623009937,225.31556804938333,225.44961547851562,25620100,0.0,0.0
2021-03-25 00:00:00-04:00,225.2964296372037,226.8667058900846,221.72501140908014,222.46226501464844,34061900,0.0,0.0
2021-03-26 00:00:00-04:00,221.70581112778194,226.64644072075401,221.70581112778194,226.42620849609375,25479900,0.0,0.0
2021-03-29 00:00:00-04:00,226.53156497693166,226.73264342608155,222.02181497962823,225.2389678955078,25227500,0.0,0.0
2021-03-30 00:00:00-04:00,223.60164152452802,223.908043971191,221.27495821173113,221.99307250976562,24792000,0.0,0.0
2021-03-31 00:00:00-04:00,223.0080496391271,228.93488983497403,222.5101528687773,225.7464599609375,43623500,0.0,0.0
2021-04-01 00:00:00-04:00,228.33164227655556,232.51585059097783,227.92949998956965,232.04669189453125,30338000,0.0,0.0
2021-04-05 00:00:00-04:00,232.43926981711712,239.3331799256443,232.38182300122529,238.48101806640625,36910600,0.0,0.0
2021-04-06 00:00:00-04:00,237.08303153236176,238.79692448358693,236.38407107170178,237.32240295410156,22931900,0.0,0.0
2021-04-07 00:00:00-04:00,237.2745539833188,240.2619050069019,236.68091746198468,239.27569580078125,22719800,0.0,0.0
2021-04-08 00:00:00-04:00,242.02370250858237,243.33545344847238,241.28643431291647,242.48329162597656,23625200,0.0,0.0
2021-04-09 00:00:00-04:00,242.11942959914686,245.10679523034713,241.70771771793406,244.97274780273438,24326800,0.0,0.0
2021-04-12 00:00:00-04:00,243.88123228080784,246.715396883333,243.7950474488846,245.03021240234375,27148700,0.0,0.0
2021-04-13 00:00:00-04:00,246.32282985291565,248.17077061108847,245.91108871216403,247.50051879882812,23837500,0.0,0.0
2021-04-14 00:00:00-04:00,246.53344753840463,247.82602995681816,244.3120735305234,244.72378540039062,23070900,0.0,0.0
2021-04-15 00:00:00-04:00,246.96426979465292,248.8792411187136,246.77279019433294,248.467529296875,25627500,0.0,0.0
2021-04-16 00:00:00-04:00,248.4388497054509,249.9038018578808,246.648355876942,249.65484619140625,24878600,0.0,0.0
2021-04-19 00:00:00-04:00,249.1282496155156,250.36341456332264,246.85901279011068,247.73988342285156,23209300,0.0,0.0
2021-04-20 00:00:00-04:00,246.85897737961304,249.13779808723464,245.9206308470202,247.2802734375,19722900,0.0,0.0
2021-04-21 00:00:00-04:00,247.93135603668824,249.5973718481958,246.31320282338555,249.50161743164062,24030400,0.0,0.0
2021-04-22 00:00:00-04:00,249.1473536226995,250.65061323164073,244.7716514338191,246.2366180419922,25606200,0.0,0.0
2021-04-23 00:00:00-04:00,246.9164410330128,250.39211913765618,246.33235950466667,250.0474090576172,21462600,0.0,0.0
2021-04-26 00:00:00-04:00,250.53575856302515,251.28259637971237,249.1091139540054,250.430419921875,19763300,0.0,0.0
2021-04-27 00:00:00-04:00,250.45914704245152,252.00071452471136,249.06122582026688,250.83258056640625,31014200,0.0,0.0
2021-04-28 00:00:00-04:00,245.19294722116507,245.63341172122958,242.19602664584554,243.73757934570312,46903100,0.0,0.0
2021-04-29 00:00:00-04:00,244.59931386273354,245.2121041526669,238.41394954646933,241.77471923828125,40589000,0.0,0.0
2021-04-30 00:00:00-04:00,239.1225175880365,242.3205167691212,238.98847015559804,241.45877075195312,30945100,0.0,0.0
2021-05-03 00:00:00-04:00,242.62691132381622,243.5365345797902,240.44384472962815,241.1523895263672,19626600,0.0,0.0
2021-05-04 00:00:00-04:00,240.30021407384137,240.53001592707363,235.31170659255298,237.25540161132812,32756100,0.0,0.0
2021-05-05 00:00:00-04:00,238.47144697927425,238.89274313243058,235.3692018698068,235.99156188964844,21901300,0.0,0.0
2021-05-06 00:00:00-04:00,235.9723779697014,239.23740812996687,234.28720818218096,239.11293029785156,26491100,0.0,0.0
2021-05-07 00:00:00-04:00,241.43005005006262,243.48865338351683,240.4917180124829,241.7268829345703,27032900,0.0,0.0
2021-05-10 00:00:00-04:00,240.20443502693968,241.02787332068948,236.6138636199037,236.6713104248047,29299900,0.0,0.0
2021-05-11 00:00:00-04:00,234.1531799670402,236.11602898573204,232.2573619742418,235.76174926757812,33641600,0.0,0.0
2021-05-12 00:00:00-04:00,231.8743087065827,233.99035851824172,227.94862612817732,228.83908081054688,36684400,0.0,0.0
2021-05-13 00:00:00-04:00,231.5200657402829,235.1585146453804,231.15621646675106,232.69776916503906,29624300,0.0,0.0
2021-05-14 00:00:00-04:00,235.13936672439027,238.58630687070132,235.05319650799913,237.60009765625,23901100,0.0,0.0
2021-05-17 00:00:00-04:00,236.0681590922843,236.10645210107182,233.16697789160784,234.7563934326172,24970200,0.0,0.0
2021-05-18 00:00:00-04:00,235.8000487598773,235.9340961969697,232.57331145045896,232.74566650390625,20168000,0.0,0.0
2021-05-19 00:00:00-04:00,229.6649998072297,233.42700886618988,228.9836233956415,233.32144165039062,25739800,0.56,0.0
2021-05-20 00:00:00-04:00,234.12765596260508,237.956837120087,234.0316804176235,236.54608154296875,21800700,0.0,0.0
2021-05-21 00:00:00-04:00,237.59209903161633,238.3214631903982,234.87615584216914,235.288818359375,21863100,0.0,0.0
2021-05-24 00:00:00-04:00,237.80323117996468,241.0374189124444,237.53451728413617,240.6727294921875,21411500,0.0,0.0
2021-05-25 00:00:00-04:00,241.62284738392032,242.56334606960098,240.7111384283455,241.57485961914062,17704300,0.0,0.0
2021-05-26 00:00:00-04:00,241.29653187433004,242.74568324908876,240.64394515378893,241.3541259765625,17771600,0.0,0.0
2021-05-27 00:00:00-04:00,241.04702994155994,241.3445335898177,239.20441394645133,239.26199340820312,24426200,0.0,0.0
2021-05-28 00:00:00-04:00,240.88388744430432,241.920361705306,239.50192176296875,239.61708068847656,18270200,0.0,0.0
2021-06-01 00:00:00-04:00,241.1045951554449,241.1621746137941,237.0067008356278,237.428955078125,23213300,0.0,0.0
2021-06-02 00:00:00-04:00,238.12957317758924,239.22362695076313,235.9318592911416,237.33302307128906,19406700,0.0,0.0
2021-06-03 00:00:00-04:00,235.33682647405521,236.41168209445024,233.20629862376543,235.8070831298828,25307700,0.0,0.0
2021-06-04 00:00:00-04:00,237.77444746130055,241.50766701250188,237.53452328797448,240.6823272705078,25281100,0.0,0.0
2021-06-07 00:00:00-04:00,239.90500219538873,243.84935663294988,239.7418554964885,243.5806427001953,23079200,0.0,0.0
2021-06-08 00:00:00-04:00,244.87620533819828,245.69195336357788,242.33300038153834,242.39059448242188,22455000,0.0,0.0
2021-06-09 00:00:00-04:00,243.58062603040793,245.23130558654012,243.00481677554484,243.36949157714844,17937600,0.0,0.0
2021-06-10 00:00:00-04:00,244.04127308607627,247.08350993870562,243.4462658042312,246.87237548828125,24563600,0.0,0.0
2021-06-11 00:00:00-04:00,247.592131538484,248.07197986770322,246.2677454638202,247.49618530273438,18999700,0.0,0.0
2021-06-14 00:00:00-04:00,247.50581746415523,249.47321362459112,246.45014504729014,249.41563415527344,19150500,0.0,0.0
2021-06-15 00:00:00-04:00,249.30041102216592,249.51154547597605,247.29464835477967,247.94723510742188,18038900,0.0,0.0
2021-06-16 00:00:00-04:00,248.94536733481428,250.07780263564925,244.1660809242959,247.0067901611328,27220000,0.0,0.0
2021-06-17 00:00:00-04:00,245.7495950194914,251.20066644473482,245.69201554784362,250.38491821289062,27565500,0.0,0.0
2021-06-18 00:00:00-04:00,249.1660874295597,251.72846151081313,248.32154955086472,248.97413635253906,37202200,0.0,0.0
2021-06-21 00:00:00-04:00,249.34843554518008,252.8992962171979,247.52501743926578,252.04518127441406,26696100,0.0,0.0
2021-06-22 00:00:00-04:00,252.13156531370257,255.0778417623295,251.82445528328145,254.8091278076172,24694100,0.0,0.0
2021-06-23 00:00:00-04:00,255.26976405388658,256.07590591956557,253.77263926225072,254.5787811279297,19518700,0.0,0.0
2021-06-24 00:00:00-04:00,255.43292067180403,257.0548107139266,254.77072749306174,255.94155883789062,21446900,0.0,0.0
2021-06-25 00:00:00-04:00,255.50006023392783,256.47894031384675,254.08930492861072,254.33880615234375,25611100,0.0,0.0
2021-06-28 00:00:00-04:00,255.46167788886962,258.06244785704735,255.1929639728323,257.88970947265625,19590000,0.0,0.0
2021-06-29 00:00:00-04:00,258.03363852255484,260.70159408895256,257.1795237173201,260.461669921875,19937800,0.0,0.0
2021-06-30 00:00:00-04:00,259.780344419271,260.42332491203257,258.73427836023995,259.98187255859375,21656500,0.0,0.0
2021-07-01 00:00:00-04:00,258.7437788756873,260.8839127760859,258.7342018255398,260.6535949707031,16725300,0.0,0.0
2021-07-02 00:00:00-04:00,261.82442575900615,266.7956469721209,261.51731582698903,266.4597473144531,26458000,0.0,0.0
2021-07-06 00:00:00-04:00,266.8244739642971,268.11046403566195,263.244794707822,266.4693908691406,31565600,0.0,0.0
2021-07-07 00:00:00-04:00,268.13928056771834,269.37729764258523,265.9799627636496,268.6479187011719,23260000,0.0,0.0
2021-07-08 00:00:00-04:00,265.74001367275713,267.49627505663517,263.791830519067,266.23907470703125,24618600,0.0,0.0
2021-07-09 00:00:00-04:00,264.6076006127589,266.8436812511514,264.2237277535544,266.7381286621094,23916700,0.0,0.0
2021-07-12 00:00:00-04:00,267.9089353442858,268.49433627554,265.43290144744316,266.1430969238281,18931700,0.0,0.0
2021-07-13 00:00:00-04:00,266.3350372176916,271.45023740575635,266.2103012391227,269.6556091308594,26120100,0.0,0.0
2021-07-14 00:00:00-04:00,270.97037689383615,272.2275772639754,269.24290521159406,271.1239318847656,23113700,0.0,0.0
2021-07-15 00:00:00-04:00,270.6344591814496,271.1239138520069,268.5519045345298,269.70355224609375,22604200,0.0,0.0
2021-07-16 00:00:00-04:00,270.7016516270204,272.6498347308158,268.19682804350134,269.4348449707031,26186800,0.0,0.0
2021-07-19 00:00:00-04:00,267.68821296919947,269.0701786607104,263.3887901846065,265.8456115722656,32935600,0.0,0.0
2021-07-20 00:00:00-04:00,266.8244222536532,269.64593236514037,265.1257699569879,268.06243896484375,26259700,0.0,0.0
2021-07-21 00:00:00-04:00,267.65944319932055,270.1738442376785,266.1143453427813,270.0586853027344,24364300,0.0,0.0
2021-07-22 00:00:00-04:00,272.4003154535662,274.8763494100788,271.9972592293282,274.6076354980469,23384100,0.0,0.0
2021-07-23 00:00:00-04:00,275.78804130305343,278.30244201944714,274.9531098439966,277.995361328125,22768100,0.0,0.0
2021-07-26 00:00:00-04:00,277.35229544353166,278.0144883881187,275.0874257048847,277.4002685546875,23176100,0.0,0.0
2021-07-27 00:00:00-04:00,277.76499367762403,277.90894231723627,271.54617814543514,274.9914855957031,33604100,0.0,0.0
2021-07-28 00:00:00-04:00,277.3427364892114,278.4559881617901,272.3906980646863,274.68438720703125,33566900,0.0,0.0
2021-07-29 00:00:00-04:00,274.703624957285,276.9877082127005,274.5500699423065,274.9531555175781,18168300,0.0,0.0
2021-07-30 00:00:00-04:00,273.67668502240946,275.10662354630284,272.4674579665658,273.4271545410156,20944800,0.0,0.0
2021-08-02 00:00:00-04:00,274.8187628216139,275.212242025892,272.30436188036447,273.3408508300781,16267400,0.0,0.0
2021-08-03 00:00:00-04:00,273.91671999177777,275.65376915132686,272.5539374181312,275.5481872558594,17879000,0.0,0.0
2021-08-04 00:00:00-04:00,274.6843567927207,275.99913642366494,273.17762613038536,274.9626770019531,16191300,0.0,0.0
2021-08-05 00:00:00-04:00,275.31782556305,277.9569917907823,274.569263222689,277.8514099121094,13900200,0.0,0.0
2021-08-06 00:00:00-04:00,276.8821288688246,277.83221931412936,276.0279846719422,277.7938232421875,16589300,0.0,0.0
2021-08-09 00:00:00-04:00,278.07219419100153,279.79963700414334,276.2103797453838,276.70941162109375,16117600,0.0,0.0
2021-08-10 00:00:00-04:00,277.16040859309794,277.5922838439448,273.70552373680465,274.8955383300781,18616600,0.0,0.0
2021-08-11 00:00:00-04:00,275.63448047398396,277.02605240134324,274.338884073963,275.3849792480469,13955900,0.0,0.0
2021-08-12 00:00:00-04:00,275.0778410317268,278.28322415990436,274.7995208173079,278.1296691894531,14561300,0.0,0.0
2021-08-13 00:00:00-04:00,277.81300703201526,281.0951532950036,277.64023937005385,281.04718017578125,18249000,0.0,0.0
2021-08-16 00:00:00-04:00,281.37344781790824,282.9377579581513,278.33119671669976,282.72662353515625,22507600,0.0,0.0
2021-08-17 00:00:00-04:00,280.60574999790174,281.60381354222284,279.3485202964206,281.2679138183594,20075300,0.0,0.0
2021-08-18 00:00:00-04:00,280.80635995342857,283.4794229415405,279.104426221495,279.5467529296875,21813000,0.56,0.0
2021-08-19 00:00:00-04:00,277.5852494378773,286.0275166816487,277.53718447593633,285.35443115234375,29850500,0.0,0.0
2021-08-20 00:00:00-04:00,288.190963446094,294.0755466635113,286.5948135303095,292.6524658203125,40817600,0.0,0.0
2021-08-23 00:00:00-04:00,291.5851936801916,293.6524859694501,290.23905191116444,292.93133544921875,22830200,0.0,0.0
2021-08-24 00:00:00-04:00,293.287107016583,293.89287816648005,290.3832847329818,290.97943115234375,18175800,0.0,0.0
2021-08-25 00:00:00-04:00,292.59468271489965,292.8735356941635,288.8639567409306,290.3927917480469,20006100,0.0,0.0
2021-08-26 00:00:00-04:00,289.4120831267804,290.79669430920046,287.4505750714238,287.5851745605469,17666100,0.0,0.0
2021-08-27 00:00:00-04:00,287.4890790455241,289.2967678980411,285.4121618113785,288.1910095214844,22605700,0.0,0.0
2021-08-30 00:00:00-04:00,289.5370889044811,292.51784992119383,289.4793992168539,291.9120788574219,16348100,0.0,0.0
2021-08-31 00:00:00-04:00,292.7102186066526,292.7871284221074,289.9025261716433,290.2679138183594,26285300,0.0,0.0
2021-09-01 00:00:00-04:00,291.2198523962285,293.45061873627395,289.8929305328619,290.2198486328125,18983800,0.0,0.0
2021-09-02 00:00:00-04:00,290.57551551059663,291.6908688555187,288.63319852540627,289.5658874511719,16285600,0.0,0.0
2021-09-03 00:00:00-04:00,289.4121123902904,290.96019740569926,288.7102113426839,289.5563659667969,14747900,0.0,0.0
2021-09-07 00:00:00-04:00,289.43139052137866,289.50830033860336,286.7294820320938,288.63330078125,17180400,0.0,0.0
2021-09-08 00:00:00-04:00,288.248626330133,289.04668654196234,286.0274854074498,288.6620788574219,15046800,0.0,0.0
2021-09-09 00:00:00-04:00,289.2486315123154,290.51786328819594,285.5755650140941,285.8159484863281,19927000,0.0,0.0
2021-09-10 00:00:00-04:00,286.9410140892641,288.38331521441347,284.01794225939454,284.3352355957031,19633400,0.0,0.0
2021-09-13 00:00:00-04:00,286.1044662823442,287.05640501689754,282.7679417050382,285.5660095214844,23652900,0.0,0.0
2021-09-14 00:00:00-04:00,288.03701540958446,289.7966384066571,286.63318450869144,288.2581787109375,21853400,0.0,0.0
2021-09-15 00:00:00-04:00,291.5947969733447,293.57555457579934,290.2101857287975,293.09478759765625,28356300,0.0,0.0
2021-09-16 00:00:00-04:00,292.07553887775646,293.565904644582,289.19093725653136,293.4793701171875,19550800,0.0,0.0
2021-09-17 00:00:00-04:00,292.46975710578755,292.7870503575158,288.00822606299056,288.33514404296875,41372500,0.0,0.0
2021-09-20 00:00:00-04:00,284.9313439067863,287.2294241436648,278.3833000222743,282.97943115234375,38278700,0.0,0.0
2021-09-21 00:00:00-04:00,284.316015013533,286.09485893371766,282.7583344959058,283.4602355957031,22364100,0.0,0.0
2021-09-22 00:00:00-04:00,285.31606428951125,288.6718093817277,283.1814571127599,287.0948791503906,26626300,0.0,0.0
2021-09-23 00:00:00-04:00,287.35448937329284,289.3256226623649,286.0852572405403,288.03717041015625,18604600,0.0,0.0
2021-09-24 00:00:00-04:00,286.7583221103223,288.26790832981595,285.5083101876047,287.8352355957031,14999000,0.0,0.0
2021-09-27 00:00:00-04:00,284.7487154919009,285.06600882591306,281.6717947097084,282.8544921875,23571700,0.0,0.0
2021-09-28 00:00:00-04:00,278.65244390402364,279.59475745783993,271.87364331481274,272.614013671875,43186200,0.0,0.0
2021-09-29 00:00:00-04:00,274.1333463335849,275.73909166392633,272.1237438163445,273.0756530761719,26353700,0.0,0.0
2021-09-30 00:00:00-04:00,274.71978361540346,276.7582303525769,270.787114326483,271.0755920410156,32343600,0.0,0.0
2021-10-01 00:00:00-04:00,271.2679145751983,278.82558560260657,270.4698544217859,277.97943115234375,30086300,0.0,0.0
2021-10-04 00:00:00-04:00,276.3447753243893,276.6813179830263,269.4698153422871,272.21978759765625,31350700,0.0,0.0
2021-10-05 00:00:00-04:00,273.12365122676954,279.2293964365477,273.12365122676954,277.6524963378906,24993000,0.0,0.0
2021-10-06 00:00:00-04:00,274.7871145500476,282.3351603741054,274.5275110006599,281.83514404296875,28002600,0.0,0.0
2021-10-07 00:00:00-04:00,283.82556353271264,285.2294241243567,282.61405079814455,283.5082702636719,20430500,0.0,0.0
2021-10-08 00:00:00-04:00,284.8255669837104,285.2294241243567,282.4602018561691,283.5082702636719,17685700,0.0,0.0
2021-10-11 00:00:00-04:00,281.6525631685585,286.50829832033395,281.489089470964,282.91217041015625,19298600,0.0,0.0
2021-10-12 00:00:00-04:00,283.9794400643769,284.0755993304145,281.10446287508915,281.61407470703125,17974100,0.0,0.0
2021-10-13 00:00:00-04:00,283.5659981485587,285.84482905516467,282.20060694439593,284.9121398925781,23416300,0.0,0.0
2021-10-14 00:00:00-04:00,287.70053210668726,291.6043571503594,286.3736107122371,291.1043701171875,27262900,0.0,0.0
2021-10-15 00:00:00-04:00,290.71017592364666,292.7390278517721,288.9601770620516,292.50823974609375,25384800,0.0,0.0
2021-10-18 00:00:00-04:00,291.8928498378823,296.3543518258326,291.0466953202489,295.4697570800781,22729300,0.0,0.0
2021-10-19 00:00:00-04:00,296.48903662007575,297.4024763811832,295.4024984250073,296.3736572265625,17682100,0.0,0.0
2021-10-20 00:00:00-04:00,297.3159240470741,297.787095667317,294.3351627369978,295.5851745605469,16537100,0.0,0.0
2021-10-21 00:00:00-04:00,295.3544015118529,299.0562838093166,294.57553200250277,298.8063049316406,16918100,0.0,0.0
2021-10-22 00:00:00-04:00,298.46017618446604,299.1236370552111,295.96018167739544,297.26788330078125,17449300,0.0,0.0
2021-10-25 00:00:00-04:00,297.4601338192577,297.4986033941539,294.67169118488476,296.2774658203125,17554500,0.0,0.0
2021-10-26 00:00:00-04:00,299.03705370094167,300.3831953408259,296.7293781263278,298.1812744140625,28107300,0.0,0.0
2021-10-27 00:00:00-04:00,303.8447708537641,313.55627098080305,303.8447708537641,310.7389831542969,52588700,0.0,0.0
2021-10-28 00:00:00-04:00,311.8543467291355,312.37358336767323,308.9985892327168,311.87359619140625,26297900,0.0,0.0
2021-10-29 00:00:00-04:00,311.6619817016203,319.22924865393935,311.4408183451514,318.8638610839844,34766000,0.0,0.0
2021-11-01 00:00:00-04:00,318.61388266615893,318.73888677742633,313.81583753903345,316.700439453125,27073200,0.0,0.0
2021-11-02 00:00:00-04:00,317.6042329724997,320.62346324500305,317.3061598365116,320.3157653808594,26487100,0.0,0.0
2021-11-03 00:00:00-04:00,321.05615397648955,322.0176878484429,317.9311688926411,321.1523132324219,21500100,0.0,0.0
2021-11-04 00:00:00-04:00,320.0851310321345,323.59472496169866,316.83514077049546,323.4985656738281,23992200,0.0,0.0
2021-11-05 00:00:00-04:00,325.48894922242357,325.7581776228481,321.5562778923636,323.1331787109375,22570100,0.0,0.0
2021-11-08 00:00:00-05:00,324.32538640649415,324.6619291544204,321.57541342152103,324.0273132324219,20897000,0.0,0.0
2021-11-09 00:00:00-05:00,324.14275856066826,325.6908437786289,321.6620134005641,323.02740478515625,21307400,0.0,0.0
2021-11-10 00:00:00-05:00,321.7003797278115,321.7580694099701,317.229253298414,318.07537841796875,25500900,0.0,0.0
2021-11-11 00:00:00-05:00,318.5080668518854,320.9311214307009,317.796541239689,319.6426696777344,16849800,0.0,0.0
2021-11-12 00:00:00-05:00,321.07544724155895,324.2581224444753,320.95044312615977,323.7677307128906,23831000,0.0,0.0
2021-11-15 00:00:00-05:00,324.5562174839805,324.8831355458123,321.18122351578705,323.14276123046875,16723000,0.0,0.0
2021-11-16 00:00:00-05:00,322.7676570356734,327.5657306230466,322.6042127231009,326.4503479003906,20886800,0.0,0.0
2021-11-17 00:00:00-05:00,326.49864184480543,329.6293451502645,325.59314376774387,326.6720275878906,19053400,0.62,0.0
2021-11-18 00:00:00-05:00,325.7664394516795,329.87971962558396,324.7453511615108,328.7430114746094,22463500,0.0,0.0
2021-11-19 00:00:00-05:00,330.0626919373853,332.4323842298607,329.6388407114315,330.5154113769531,21963400,0.0,0.0
2021-11-22 00:00:00-05:00,331.9701093321085,336.83475779834544,327.08620558426253,327.3559265136719,31031100,0.0,0.0
2021-11-23 00:00:00-05:00,324.6779107140383,326.98983755172486,321.3160273770026,325.2847900390625,30427600,0.0,0.0
2021-11-24 00:00:00-05:00,323.93623607205905,325.74723199137054,321.6532358919778,325.50640869140625,21661300,0.0,0.0
2021-11-26 00:00:00-05:00,322.07705238453224,325.5256287318422,316.0757258160542,317.5784606933594,24217200,0.0,0.0
2021-11-29 00:00:00-05:00,322.6453783318279,326.58524340078264,322.4527079617969,324.2733459472656,28563500,0.0,0.0
2021-11-30 00:00:00-05:00,323.0114962502423,325.3811893890692,316.9138335793029,318.4551086425781,42885600,0.0,0.0
2021-12-01 00:00:00-05:00,322.82848542960454,326.8261467091806,317.29919134448687,317.9638366699219,33337600,0.0,0.0
2021-12-02 00:00:00-05:00,318.1757424602907,321.2486502191634,315.76750938263973,317.3954772949219,30766000,0.0,0.0
2021-12-03 00:00:00-05:00,319.8036423557392,320.48760157043654,306.3560799414712,311.1532897949219,41779300,0.0,0.0
2021-12-06 00:00:00-05:00,312.05881608344686,315.43034198292435,307.512071408828,314.2165832519531,30032600,0.0,0.0
2021-12-07 00:00:00-05:00,319.46655926353213,323.47383295914125,317.98307955857507,322.62615966796875,31021900,0.0,0.0
2021-12-08 00:00:00-05:00,323.0017714613644,323.1847994820111,318.6573106513333,322.67425537109375,24761000,0.0,0.0
2021-12-09 00:00:00-05:00,322.1348363640117,324.1384729979598,319.92888702095325,320.8729248046875,22214200,0.0,0.0
2021-12-10 00:00:00-05:00,322.68390724843727,330.40950670555475,322.50087922237924,329.9664001464844,38095700,0.0,0.0
2021-12-13 00:00:00-05:00,328.17475619826337,331.17061366442005,326.6334810302887,326.9417419433594,28899400,0.0,0.0
2021-12-14 00:00:00-05:00,320.9885338086704,322.3564229704473,312.2129182210804,316.28765869140625,44438700,0.0,0.0
2021-12-15 00:00:00-05:00,316.54772931653724,322.8862143337398,312.5886088133381,322.36602783203125,35381100,0.0,0.0
2021-12-16 00:00:00-05:00,323.3871030361662,324.39857838163,311.1629118249928,312.9739074707031,35034800,0.0,0.0
2021-12-17 00:00:00-05:00,309.10147689497717,312.99318902693045,305.6047184390456,311.9142761230469,47750300,0.0,0.0
2021-12-20 00:00:00-05:00,308.3018684189948,310.9509237868727,305.9129209379131,308.1670227050781,28326500,0.0,0.0
2021-12-21 00:00:00-05:00,311.4230722504831,315.70009648431505,308.0611589340678,315.2762451171875,24740600,0.0,0.0
2021-12-22 00:00:00-05:00,316.249169285567,321.36425420562085,313.7927832021071,320.9693298339844,24831500,0.0,0.0
2021-12-23 00:00:00-05:00,320.53565919573066,324.04205887963457,320.51640392398315,322.4044494628906,19617800,0.0,0.0
2021-12-27 00:00:00-05:00,323.1462915394775,329.90862784139654,323.11739392269027,329.8797302246094,19947000,0.0,0.0
2021-12-28 00:00:00-05:00,330.5540058070814,331.18978275080303,327.827899397402,328.7237548828125,15661500,0.0,0.0
2021-12-29 00:00:00-05:00,328.7718768270416,331.6617557188024,327.2113469290697,329.3980407714844,15042000,0.0,0.0
2021-12-30 00:00:00-05:00,329.3595803926416,330.53479926844375,326.38300794269304,326.8646545410156,15994500,0.0,0.0
2021-12-31 00:00:00-05:00,326.08434561446063,326.90312120375734,323.5219825277928,323.9747314453125,18000800,0.0,0.0
2022-01-03 00:00:00-05:00,323.0403535774783,325.59307446526094,317.67480384527,322.4623718261719,28865100,0.0,0.0
2022-01-04 00:00:00-05:00,322.5394184991603,322.89586164300437,314.1491437576021,316.9330749511719,32674300,0.0,0.0
2022-01-05 00:00:00-05:00,313.89866197929246,314.1009746877151,304.3813512536725,304.76666259765625,40054300,0.0,0.0
2022-01-06 00:00:00-05:00,301.65524488813156,307.0015395240339,300.0561747269668,302.35845947265625,39646100,0.0,0.0
2022-01-07 00:00:00-05:00,302.6184603158767,304.8822045227702,298.70749347220806,302.51251220703125,32720000,0.0,0.0
2022-01-10 00:00:00-05:00,298.1296207831316,303.1676551016723,293.50582490722064,302.7341613769531,44289500,0.0,0.0
2022-01-11 00:00:00-05:00,301.87678551872176,304.98820330544083,298.5149021278563,303.4180603027344,29386800,0.0,0.0
2022-01-12 00:00:00-05:00,307.93588346156525,311.538589841844,305.44092874443083,306.5872497558594,34372200,0.0,0.0
2022-01-13 00:00:00-05:00,308.7065085650938,309.10146222236773,292.8410716956861,293.6116943359375,45366000,0.0,0.0
2022-01-14 00:00:00-05:00,293.0820215710669,299.4108663642263,292.6003748634727,298.8136291503906,39846400,0.0,0.0
2022-01-18 00:00:00-05:00,292.90853854423693,298.42818916600646,290.66404916965183,291.5406494140625,42333200,0.0,0.0
2022-01-19 00:00:00-05:00,295.0470165949494,302.38730443677275,291.5887983066239,292.1956481933594,45933900,0.0,0.0
2022-01-20 00:00:00-05:00,297.72506851398765,300.21035230338873,290.0861596688608,290.5292663574219,35380700,0.0,0.0
2022-01-21 00:00:00-05:00,291.5792327867731,292.9470927232566,284.7591001939449,285.1636962890625,57984400,0.0,0.0
2022-01-24 00:00:00-05:00,281.47420435136246,286.2039467418737,265.917000099836,285.4911193847656,85731500,0.0,0.0
2022-01-25 00:00:00-05:00,280.81929061737725,284.1619200011674,274.7024008441789,277.9005126953125,72848600,0.0,0.0
2022-01-26 00:00:00-05:00,296.6845769938161,297.17586579012413,282.2737231433276,285.8186340332031,90428900,0.0,0.0
2022-01-27 00:00:00-05:00,291.5502640782282,296.01992832954136,286.9938775868818,288.8337707519531,53481300,0.0,0.0
2022-01-28 00:00:00-05:00,289.2094904507192,297.1566583183815,283.64165765387617,296.9447326660156,49743700,0.0,0.0
2022-01-31 00:00:00-05:00,297.60945731115953,300.91354605848886,295.1241442973268,299.56494140625,46444500,0.0,0.0
2022-02-01 00:00:00-05:00,299.01585004253747,299.2277757254821,293.92966304924204,297.4264221191406,40950400,0.0,0.0
2022-02-02 00:00:00-05:00,298.26445765509385,303.5529275513087,297.54198780490606,301.953857421875,36636000,0.0,0.0
2022-02-03 00:00:00-05:00,298.12957287633566,299.8057228648471,288.9493907856898,290.1920471191406,43730000,0.0,0.0
2022-02-04 00:00:00-05:00,289.1901897878569,297.4648733158477,288.95900886982764,294.7098693847656,35096500,0.0,0.0
2022-02-07 00:00:00-05:00,294.9313742925604,296.5400568321185,288.8915095243236,289.9029846191406,28533300,0.0,0.0
2022-02-08 00:00:00-05:00,290.19208646707324,294.3438779498826,288.93981702301244,293.3805847167969,32421200,0.0,0.0
2022-02-09 00:00:00-05:00,298.4956895318713,300.48007137385594,296.10674096728,299.7864990234375,31284700,0.0,0.0
2022-02-10 00:00:00-05:00,292.8796487217257,297.77316484125447,289.66225322547234,291.28057861328125,45386200,0.0,0.0
2022-02-11 00:00:00-05:00,292.06082398149493,293.12045222250043,283.4200840938403,284.2099914550781,39175600,0.0,0.0
2022-02-14 00:00:00-05:00,282.9866171180097,285.8668836168061,280.65546416556623,284.1714782714844,36359500,0.0,0.0
2022-02-15 00:00:00-05:00,288.99762818292135,289.75860871286204,286.11736126713663,289.44073486328125,27058300,0.0,0.0
2022-02-16 00:00:00-05:00,288.0120675250117,290.42527991431285,283.48487872602993,289.10284423828125,29982100,0.62,0.0
2022-02-17 00:00:00-05:00,286.0718280004565,286.49655572673316,279.93262997944396,280.6372985839844,32461600,0.0,0.0
2022-02-18 00:00:00-05:00,282.87676387601726,283.65864238707985,276.3707522552186,277.93450927734375,34264000,0.0,0.0
2022-02-22 00:00:00-05:00,275.10620482012695,281.4191765053362,274.6235623555302,277.7317810058594,41736100,0.0,0.0
2022-02-23 00:00:00-05:00,280.10641436358,281.573666522266,270.37635382579157,270.5404357910156,37811200,0.0,0.0
2022-02-24 00:00:00-05:00,263.0498031628359,284.9135007247491,262.094151059809,284.36328125,56989700,0.0,0.0
2022-02-25 00:00:00-05:00,284.8942092758671,287.2977593325136,281.52534482802724,286.9888610839844,32546700,0.0,0.0
2022-02-28 00:00:00-05:00,284.0929935575526,288.7553360718081,282.8284727085798,288.41748046875,34627500,0.0,0.0
2022-03-01 00:00:00-05:00,286.1104609698699,289.55653540384833,282.0079998222269,284.7108154296875,31217800,0.0,0.0
2022-03-02 00:00:00-05:00,285.10651756719705,291.00442328606925,283.504170648304,289.76885986328125,31873000,0.0,0.0
2022-03-03 00:00:00-05:00,292.37513104919077,292.6067899776218,283.8419873820218,285.6470947265625,27314500,0.0,0.0
2022-03-04 00:00:00-05:00,284.07372012763096,285.3961558141852,277.20089590151974,279.7974853515625,32356500,0.0,0.0
2022-03-07 00:00:00-05:00,278.5136040383842,279.63333786848386,268.8607566666478,269.2275695800781,43157200,0.0,0.0
2022-03-08 00:00:00-05:00,268.1561220285429,274.1022802945537,260.6269119121218,266.2738342285156,48159500,0.0,0.0
2022-03-09 00:00:00-05:00,273.6003711570887,279.5465300399745,271.03270963096804,278.4847106933594,35204500,0.0,0.0
2022-03-10 00:00:00-05:00,273.1949913553708,276.65072867385646,270.83969324300017,275.67578125,30628000,0.0,0.0
2022-03-11 00:00:00-05:00,277.9634336750457,279.4596429563479,269.7295545935928,270.34735107421875,27209300,0.0,0.0
2022-03-14 00:00:00-04:00,270.60798934145595,275.49232901217977,266.2449118112666,266.8433837890625,30660700,0.0,0.0
2022-03-15 00:00:00-04:00,270.6176534268287,277.8283334961411,269.0538964529326,277.18157958984375,34245100,0.0,0.0
2022-03-16 00:00:00-04:00,279.07349465678493,284.343971257443,273.36868699762886,284.17022705078125,37826300,0.0,0.0
2022-03-17 00:00:00-04:00,283.1084425886128,285.3478813742308,279.3245124712581,284.971435546875,30816600,0.0,0.0
2022-03-18 00:00:00-04:00,285.1162698524659,290.55082995665595,282.5679323764075,290.0006103515625,43390600,0.0,0.0
2022-03-21 00:00:00-04:00,288.51398088334355,289.7205868535309,284.6624745949612,288.77459716796875,28351200,0.0,0.0
2022-03-22 00:00:00-04:00,289.3923936093338,294.4118867402999,288.39815136686497,293.5045166015625,27599700,0.0,0.0
2022-03-23 00:00:00-04:00,290.0777490123799,292.70332488596847,287.3845961318238,289.0931396484375,25715400,0.0,0.0
2022-03-24 00:00:00-04:00,288.75537689115174,293.6397167673037,287.9638360996713,293.5431823730469,24484500,0.0,0.0
2022-03-25 00:00:00-04:00,294.63396584716253,294.8945822052207,288.9001703045881,293.13775634765625,22566500,0.0,0.0
2022-03-28 00:00:00-04:00,293.7652320640024,300.01062848865905,293.7652320640024,299.91412353515625,29578200,0.0,0.0
2022-03-29 00:00:00-04:00,303.01261329342486,304.8563111504665,298.3213129462688,304.4605407714844,30393400,0.0,0.0
2022-03-30 00:00:00-04:00,302.8678810369213,304.9818578926393,300.7635370012448,302.9643859863281,28163600,0.0,0.0
2022-03-31 00:00:00-04:00,303.00287171477623,304.1998448149147,297.2015305025654,297.60693359375,33422100,0.0,0.0
2022-04-01 00:00:00-04:00,298.6301848769681,299.36381082776825,294.9331566706007,298.678466796875,27110500,0.0,0.0
2022-04-04 00:00:00-04:00,299.32520192359516,304.1709216917822,298.9583889350334,304.0357971191406,24289600,0.0,0.0
2022-04-05 00:00:00-04:00,302.3947533501223,303.9392148944746,299.11279097971965,300.0877380371094,23156700,0.0,0.0
2022-04-06 00:00:00-04:00,294.59531799298344,296.3424814061848,286.4096909635366,289.10284423828125,40110400,0.0,0.0
2022-04-07 00:00:00-04:00,286.3614444787001,293.10877703347046,286.06220849283096,290.9079284667969,31411200,0.0,0.0
2022-04-08 00:00:00-04:00,290.0101841560006,290.6665707873598,285.9945956247322,286.66064453125,24361900,0.0,0.0
2022-04-11 00:00:00-04:00,281.66045568500346,282.4519668205672,275.10616374606843,275.3571472167969,34569300,0.0,0.0
2022-04-12 00:00:00-04:00,279.1990191393396,280.64694661427023,270.7527755355778,272.2682800292969,30966700,0.0,0.0
2022-04-13 00:00:00-04:00,272.914995798149,278.5618885948695,271.5346160767129,277.6352233886719,21907200,0.0,0.0
2022-04-14 00:00:00-04:00,278.0888929332903,278.3012567664223,269.6233558898287,270.1156311035156,28221600,0.0,0.0
2022-04-18 00:00:00-04:00,269.2276132247998,272.65436281401867,268.67739376545774,270.7817077636719,20778000,0.0,0.0
2022-04-19 00:00:00-04:00,269.6813121043786,276.2356051160154,268.7449845312876,275.3957824707031,22297700,0.0,0.0
2022-04-20 00:00:00-04:00,279.3535427627837,279.6431460098901,275.4634444211474,276.4190673828125,22906700,0.0,0.0
2022-04-21 00:00:00-04:00,278.56186707817085,283.11801238910374,270.3376514098414,271.0616149902344,29454600,0.0,0.0
2022-04-22 00:00:00-04:00,271.901389909691,273.36864152138946,263.88953860387505,264.5169677734375,29405800,0.0,0.0
2022-04-25 00:00:00-04:00,263.802791787971,271.35129941286607,261.3702543115975,270.974853515625,35678900,0.0,0.0
2022-04-26 00:00:00-04:00,267.8665361916543,268.69666699273034,260.6269000783663,260.8392639160156,46518400,0.0,0.0
2022-04-27 00:00:00-04:00,272.30685567741426,280.86892738240044,269.46891592845344,273.3879699707031,63477700,0.0,0.0
2022-04-28 00:00:00-04:00,275.2896026631033,280.87861047579827,271.68907938541145,279.5754699707031,33646600,0.0,0.0
2022-04-29 00:00:00-04:00,278.59080716587056,279.8167376058599,266.9012234193171,267.88580322265625,37073900,0.0,0.0
2022-05-02 00:00:00-04:00,268.0692987483365,275.04832015441815,266.63103347319105,274.5946350097656,35151100,0.0,0.0
2022-05-03 00:00:00-04:00,274.1023614203299,274.26647285650915,270.42462737594974,271.998046875,25978600,0.0,0.0
2022-05-04 00:00:00-04:00,272.77986042090856,280.7820806094394,267.1233049625317,279.913330078125,33599300,0.0,0.0
2022-05-05 00:00:00-04:00,275.627519716172,276.40939830190524,264.8163146554661,267.7218322753906,43260400,0.0,0.0
2022-05-06 00:00:00-04:00,265.2699283325795,269.5557954403699,261.85281170163194,265.1927185058594,37780300,0.0,0.0
2022-05-09 00:00:00-04:00,260.6848371526901,262.90498063444784,254.17882636789196,255.3950653076172,47726000,0.0,0.0
2022-05-10 00:00:00-04:00,262.25826345033016,264.24674803781596,255.86808196451094,260.144287109375,39336400,0.0,0.0
2022-05-11 00:00:00-04:00,256.45696851902164,261.939781463159,250.29844414199275,251.5050506591797,48975900,0.0,0.0
2022-05-12 00:00:00-04:00,248.74425187403014,250.85822802261495,241.3405189455736,246.48548889160156,51033800,0.0,0.0
2022-05-13 00:00:00-04:00,248.4160775334941,253.90855102922657,246.4855077130794,252.05519104003906,34925100,0.0,0.0
2022-05-16 00:00:00-04:00,250.9354197633761,256.5920038158377,246.90053650755686,252.42196655273438,32550900,0.0,0.0
2022-05-17 00:00:00-04:00,256.87199942771946,259.01493349139474,253.348714764612,257.557373046875,28828800,0.0,0.0
2022-05-18 00:00:00-04:00,254.46121977706724,255.0417455754485,244.56335973469547,245.83082580566406,31356000,0.62,0.0
2022-05-19 00:00:00-04:00,245.65664551679004,249.30426416130737,243.7022393056512,244.92132568359375,32692300,0.0,0.0
2022-05-20 00:00:00-04:00,248.88823202551862,250.14604290717048,238.43888522978867,244.3601837158203,39199300,0.0,0.0
2022-05-23 00:00:00-04:00,247.19508522720383,253.00995497705824,245.20195425137902,252.1875457763672,33175400,0.0,0.0
2022-05-24 00:00:00-04:00,249.51713505523247,252.8454218843062,245.26965040786493,251.19094848632812,29043900,0.0,0.0
2022-05-25 00:00:00-04:00,249.75908521410852,255.98997312464965,248.78186703480623,253.99685668945312,28547900,0.0,0.0
2022-05-26 00:00:00-04:00,253.75493935952196,258.4377968295687,252.94221495828464,257.26708984375,25002100,0.0,0.0
2022-05-27 00:00:00-04:00,259.7632762741946,264.4654725864212,258.8731329025277,264.36871337890625,26910800,0.0,0.0
2022-05-31 00:00:00-04:00,263.6817882645863,265.8490529082615,260.1986632824182,263.043212890625,37827700,0.0,0.0
2022-06-01 00:00:00-04:00,266.2651808958061,268.67432940880065,261.27270543224773,263.575439453125,25292200,0.0,0.0
2022-06-02 00:00:00-04:00,255.86422496941356,265.733048146593,253.1067488144749,265.6653137207031,44008200,0.0,0.0
2022-06-03 00:00:00-04:00,261.5338887851949,264.5719571114333,259.6955816677973,261.2532958984375,28059000,0.0,0.0
2022-06-06 00:00:00-04:00,263.2270685226695,265.2782340927179,258.5442115825969,260.0245361328125,22400300,0.0,0.0
2022-06-07 00:00:00-04:00,257.9830710374571,264.26235216439045,257.30578597515415,263.6528015136719,22860700,0.0,0.0
2022-06-08 00:00:00-04:00,262.8883657226509,264.13649147734486,260.85654065208814,261.6305847167969,17372300,0.0,0.0
2022-06-09 00:00:00-04:00,259.08602995149107,263.8559613723618,256.0383063846379,256.193115234375,26439700,0.0,0.0
2022-06-10 00:00:00-04:00,252.11978854806873,252.11978854806873,244.33115809000796,244.77622985839844,31422800,0.0,0.0
2022-06-13 00:00:00-04:00,237.1520369876546,240.9350949240482,233.6882667435192,234.39456176757812,46135800,0.0,0.0
2022-06-14 00:00:00-04:00,235.94263445006774,237.76160149558388,233.6689256431726,236.55218505859375,28651500,0.0,0.0
2022-06-15 00:00:00-04:00,240.24814951336052,247.01121141715927,238.41951248541616,243.5861358642578,33111700,0.0,0.0
2022-06-16 00:00:00-04:00,237.99378942655406,239.3870394621926,235.1298996985269,237.01658630371094,33169200,0.0,0.0
2022-06-17 00:00:00-04:00,236.7553837419542,242.36707955457766,236.10713823491153,239.60960388183594,43084800,0.0,0.0
2022-06-21 00:00:00-04:00,242.13483565226932,246.4790647181553,241.40918580520898,245.50186157226562,29928300,0.0,0.0
2022-06-22 00:00:00-04:00,243.71195083753238,248.82054000260254,242.24129615723362,244.9116973876953,25939900,0.0,0.0
2022-06-23 00:00:00-04:00,247.27244944007643,250.94906352812058,245.39543280330932,250.4556121826172,25861400,0.0,0.0
2022-06-24 00:00:00-04:00,253.30991173150647,259.27960567496183,253.2228372705622,259.0086975097656,33923200,0.0,0.0
2022-06-27 00:00:00-04:00,259.5021051953525,259.589179651512,254.73217298282648,256.2899169921875,24615100,0.0,0.0
2022-06-28 00:00:00-04:00,255.40940681520112,258.2442718055391,247.99809948086303,248.1529083251953,27295500,0.0,0.0
2022-06-29 00:00:00-04:00,249.22688443197563,253.46468475908262,247.45629682631295,251.81021118164062,20069800,0.0,0.0
2022-06-30 00:00:00-04:00,248.70438985080898,251.10388274506582,244.68913309560924,248.4915313720703,31730900,0.0,0.0
2022-07-01 00:00:00-04:00,248.06578820402922,251.3360247854771,246.34356596391004,251.15219116210938,22837700,0.0,0.0
2022-07-05 00:00:00-04:00,247.84330176827007,254.44188511131125,246.46940643072733,254.31610107421875,22941000,0.0,0.0
2022-07-06 00:00:00-04:00,255.18683261782502,259.2891631514389,253.88065714267475,257.56695556640625,23824400,0.0,0.0
2022-07-07 00:00:00-04:00,256.5123449826114,260.3244273758523,256.4155857769769,259.68585205078125,20859900,0.0,0.0
2022-07-08 00:00:00-04:00,256.1930944319359,259.395626588486,254.74179480110894,258.96990966796875,19658800,0.0,0.0
2022-07-11 00:00:00-04:00,257.0250912164823,257.8765248339209,253.66775110443973,255.922119140625,19455200,0.0,0.0
2022-07-12 00:00:00-04:00,257.24774583098747,257.3057954639804,243.8570743997537,245.4341583251953,35868500,0.0,0.0
2022-07-13 00:00:00-04:00,242.0671717076503,245.31808436102168,240.05470056381208,244.51502990722656,29497400,0.0,0.0
2022-07-14 00:00:00-04:00,242.43478974627138,246.85640858787121,237.95510651412596,245.83082580566406,25102800,0.0,0.0
2022-07-15 00:00:00-04:00,247.41759860652465,251.91662221794022,246.49844499125953,248.3851318359375,29774100,0.0,0.0
2022-07-18 00:00:00-04:00,251.3167481398981,252.3713557823353,245.07616196648328,245.9953155517578,20975000,0.0,0.0
2022-07-19 00:00:00-04:00,249.2171803481861,251.28771549994482,245.4438068994524,251.1038818359375,25012600,0.0,0.0
2022-07-20 00:00:00-04:00,251.46187956720985,256.2705208821731,250.50403112190256,253.7549285888672,22788300,0.0,0.0
2022-07-21 00:00:00-04:00,251.35542487841855,256.2898494477531,248.68502415287526,256.241455078125,22404700,0.0,0.0
2022-07-22 00:00:00-04:00,256.6285035144892,256.71557796165024,250.65884004276222,251.9069366455078,21881300,0.0,0.0
2022-07-25 00:00:00-04:00,252.52611910074125,253.0098856124285,248.47215337066098,250.4265594482422,21056000,0.0,0.0
2022-07-26 00:00:00-04:00,251.42315927857734,251.44252883940965,241.46726406430727,243.7216033935547,39348000,0.0,0.0
2022-07-27 00:00:00-04:00,252.68094375810006,261.2822975208546,250.44594469622396,260.01483154296875,45994000,0.0,0.0
2022-07-28 00:00:00-04:00,260.9921072574556,268.8194480987204,259.17313993208194,267.4358825683594,33459300,0.0,0.0
2022-07-29 00:00:00-04:00,268.68390428151326,272.844284035895,267.64863696842946,271.62518310546875,32152800,0.0,0.0
2022-08-01 00:00:00-04:00,268.80005306751355,272.147709327751,266.8843268988861,268.98388671875,21539600,0.0,0.0
2022-08-02 00:00:00-04:00,267.0391429404589,268.8677947225736,263.53667774646465,265.8974609375,22754200,0.0,0.0
2022-08-03 00:00:00-04:00,267.7744965070368,274.29566079302055,267.6293429063653,273.2991027832031,23518900,0.0,0.0
2022-08-04 00:00:00-04:00,272.65082319177765,274.58588944445677,271.0737689983291,274.4407653808594,18098700,0.0,0.0
2022-08-05 00:00:00-04:00,270.0868886929883,274.44078812230066,269.632146904856,273.7248229980469,16774600,0.0,0.0
2022-08-08 00:00:00-04:00,274.82775145511005,276.6370630638141,270.25133901885744,271.2188720703125,18739200,0.0,0.0
2022-08-09 00:00:00-04:00,270.5609704551994,273.88925715701384,268.5968499150632,273.13458251953125,23405200,0.0,0.0
2022-08-10 00:00:00-04:00,278.81412400057917,280.4008634860013,277.6240472414296,279.77197265625,24687800,0.0,0.0
2022-08-11 00:00:00-04:00,281.4069925671231,281.7552902911237,277.20790268722305,277.7013244628906,20065900,0.0,0.0
2022-08-12 00:00:00-04:00,279.1139854304459,282.4326171875,277.62397604955174,282.4326171875,22619700,0.0,0.0
2022-08-15 00:00:00-04:00,281.55214749764076,284.62889583747915,280.6910288186994,283.94195556640625,18085700,0.0,0.0
2022-08-16 00:00:00-04:00,282.5100398793754,284.49350086788803,280.9910350330185,283.2066650390625,18102900,0.0,0.0
2022-08-17 00:00:00-04:00,280.9281190261752,284.4283433719824,280.6663411966556,282.4600830078125,18253400,0.62,0.0
2022-08-18 00:00:00-04:00,281.36441282325103,283.0321034033775,280.2881560238518,281.34503173828125,17186200,0.0,0.0
2022-08-19 00:00:00-04:00,280.11362940883,280.4529907173876,276.8752129457477,277.447265625,20570000,0.0,0.0
2022-08-22 00:00:00-04:00,273.50100121683664,273.86944889431794,268.7888240939447,269.3027038574219,25061100,0.0,0.0
2022-08-23 00:00:00-04:00,268.0325927734375,270.3789763942887,267.0242141584032,268.0325927734375,17527400,0.0,0.0
2022-08-24 00:00:00-04:00,267.03395699391723,268.7986124206689,266.7430631426748,267.40240478515625,18137000,0.0,0.0
2022-08-25 00:00:00-04:00,268.89556299786517,270.5341674761129,266.17102576018783,270.3693542480469,16583400,0.0,0.0
2022-08-26 00:00:00-04:00,270.59230474229855,271.813993730699,259.82991359676106,259.9365539550781,27549300,0.0,0.0
2022-08-29 00:00:00-04:00,257.76471343275216,259.2675614677576,255.82553940593357,257.16357421875,20338500,0.0,0.0
2022-08-30 00:00:00-04:00,258.55977371104024,258.9281919093527,252.73254647605063,254.9722900390625,22767100,0.0,0.0
2022-08-31 00:00:00-04:00,257.3186614112336,258.986322342565,253.38211168370708,253.5178680419922,24791800,0.0,0.0
2022-09-01 00:00:00-04:00,250.99695619943782,252.95554067570222,247.64219380873456,252.4804229736328,23263400,0.0,0.0
2022-09-02 00:00:00-04:00,253.74093057983617,256.6884537652391,246.73080589431638,248.27244567871094,22855400,0.0,0.0
2022-09-06 00:00:00-04:00,248.40817526683784,249.98857705648493,244.27772561001785,245.54788208007812,21328200,0.0,0.0
2022-09-07 00:00:00-04:00,246.953747797965,250.95813110475615,245.51876351834204,250.2406463623047,24126700,0.0,0.0
2022-09-08 00:00:00-04:00,249.67836053127874,252.50953803172123,247.04106788453547,250.65762329101562,20319900,0.0,0.0
2022-09-09 00:00:00-04:00,252.57737549512018,257.1635319672501,252.37377054080144,256.41693115234375,22084700,0.0,0.0
2022-09-12 00:00:00-04:00,257.6968083589195,259.316031521762,257.09566920762467,258.54034423828125,18747700,0.0,0.0
2022-09-13 00:00:00-04:00,250.96784794774865,252.48040101382477,243.93834353048703,244.32618713378906,33353300,0.0,0.0
2022-09-14 00:00:00-04:00,245.8193660691324,246.49807394155667,242.26098391432333,244.54920959472656,23913000,0.0,0.0
2022-09-15 00:00:00-04:00,242.1736911292833,243.75410750034436,236.59856721458627,237.91720581054688,31530900,0.0,0.0
2022-09-16 00:00:00-04:00,236.8312795525679,237.83965816543386,234.69819143342704,237.29669189453125,39791800,0.0,0.0
2022-09-19 00:00:00-04:00,235.09571807800603,237.68451311918642,233.5249921595804,237.0833740234375,26826900,0.0,0.0
2022-09-20 00:00:00-04:00,234.7079219968837,236.10411478867206,232.3518179959653,235.07635498046875,26660300,0.0,0.0
2022-09-21 00:00:00-04:00,236.84099440441966,240.12789337863492,231.634302730604,231.6827850341797,28625600,0.0,0.0
2022-09-22 00:00:00-04:00,230.6356309055808,236.44346175605514,230.3447666716902,233.6510467529297,31061200,0.0,0.0
2022-09-23 00:00:00-04:00,232.25482322354088,233.79647753038185,228.04681992346752,230.68409729003906,34176000,0.0,0.0
2022-09-26 00:00:00-04:00,229.84059520046236,234.10677196919062,229.69514827749381,230.22842407226562,27694200,0.0,0.0
2022-09-27 00:00:00-04:00,232.68144911431068,234.44610429031408,227.36811729613822,229.22003173828125,27018700,0.0,0.0
2022-09-28 00:00:00-04:00,229.60786226959718,234.95998588678188,227.5911198226186,233.73831176757812,29029700,0.0,0.0
2022-09-29 00:00:00-04:00,231.6245958212714,232.652355487679,227.28085099175377,230.27687072753906,27484200,0.0,0.0
2022-09-30 00:00:00-04:00,231.0428606260345,233.22443119574095,225.65195971871543,225.81678771972656,35694800,0.0,0.0
2022-10-03 00:00:00-04:00,228.25043546623195,234.26187075492425,227.52324535563076,233.4183349609375,28880400,0.0,0.0
2022-10-04 00:00:00-04:00,237.63606342718273,242.7457908263603,237.52940827026438,241.31080627441406,34888400,0.0,0.0
2022-10-05 00:00:00-04:00,238.50863718154002,242.95903657489657,236.67611891399798,241.62100219726562,20347100,0.0,0.0
2022-10-06 00:00:00-04:00,240.38966069294162,242.72636855289312,238.59593389672287,239.28433227539062,20239900,0.0,0.0
2022-10-07 00:00:00-04:00,233.57349635910583,233.9807359079613,226.07859318489452,227.11605834960938,37769600,0.0,0.0
2022-10-10 00:00:00-04:00,225.96225028205052,227.426321306338,219.83445342266862,222.27781677246094,29743600,0.0,0.0
2022-10-11 00:00:00-04:00,220.69735939369207,222.0935668585732,217.29411479408543,218.55458068847656,30474000,0.0,0.0
2022-10-12 00:00:00-04:00,218.54487025171542,220.93006041435294,217.14867761413385,218.8842315673828,21903900,0.0,0.0
2022-10-13 00:00:00-04:00,213.16370237117846,228.91949071489438,212.4655985656021,227.11605834960938,42551800,0.0,0.0
2022-10-14 00:00:00-04:00,228.3764766144597,230.02478606979594,221.3954543611521,221.6087646484375,30198600,0.0,0.0
2022-10-17 00:00:00-04:00,228.64795366917255,231.6924554615013,227.98862698827506,230.30593872070312,28142300,0.0,0.0
2022-10-18 00:00:00-04:00,235.8422913191834,236.51129376308393,228.21163337698803,231.24644470214844,26329600,0.0,0.0
2022-10-19 00:00:00-04:00,229.8308844163688,232.32272998256715,227.16452030041103,229.2879180908203,19985700,0.0,0.0
2022-10-20 00:00:00-04:00,228.59950832135635,233.97101325567382,227.72687123159972,228.9679412841797,21811000,0.0,0.0
2022-10-21 00:00:00-04:00,227.60086641792716,235.6096500183771,227.36816020291946,234.75640869140625,26299700,0.0,0.0
2022-10-24 00:00:00-04:00,236.34648327507583,240.30239936572295,233.96130792884753,239.7303466796875,24911200,0.0,0.0
2022-10-25 00:00:00-04:00,239.74003228091627,243.40506928448784,238.35353022692632,243.03663635253906,34775500,0.0,0.0
2022-10-26 00:00:00-04:00,224.13941940981076,231.05257928125204,223.06317727493428,224.2848663330078,82543200,0.0,0.0
2022-10-27 00:00:00-04:00,224.01334192609988,226.58275598538947,218.91332036173824,219.85382080078125,40424600,0.0,0.0
2022-10-28 00:00:00-04:00,219.3593305055409,229.40425069094275,219.17510664004706,228.69644165039062,40647700,0.0,0.0
2022-10-31 00:00:00-04:00,226.65060686599685,227.77533111378162,224.11998470584146,225.0701904296875,28357300,0.0,0.0
2022-11-01 00:00:00-04:00,227.46510361607025,228.57043214353084,220.41620237096575,221.23065185546875,30592300,0.0,0.0
2022-11-02 00:00:00-04:00,222.48138429440567,224.2654203807508,213.34786400262064,213.4060516357422,38407000,0.0,0.0
2022-11-03 00:00:00-04:00,213.3963774811355,213.70665239090863,207.4722009244926,207.73399353027344,36633900,0.0,0.0
2022-11-04 00:00:00-04:00,210.93360492641042,214.85072897039285,206.93889737068497,214.6568145751953,36789100,0.0,0.0
2022-11-07 00:00:00-05:00,215.23858262395112,221.46332820770985,214.5501694748692,220.9397430419922,33498000,0.0,0.0
2022-11-08 00:00:00-05:00,221.7445195376861,224.6047979139628,218.97150043107274,221.9093475341797,28192500,0.0,0.0
2022-11-09 00:00:00-05:00,220.4549339719257,221.67662274199262,217.50739677017623,217.68191528320312,27852900,0.0,0.0
2022-11-10 00:00:00-05:00,228.2698262443954,235.92957127818485,227.85291099807793,235.5902099609375,46268000,0.0,0.0
2022-11-11 00:00:00-05:00,235.59992645228266,240.4478609583566,234.5721519094285,239.59461975097656,34620200,0.0,0.0
2022-11-14 00:00:00-05:00,234.63035598513406,236.49196119049105,231.93490539453896,234.2037353515625,31123300,0.0,0.0
2022-11-15 00:00:00-05:00,238.18867825897934,239.48792091889985,232.72990026647722,234.61090087890625,31390100,0.0,0.0
2022-11-16 00:00:00-05:00,236.06938283193108,237.05143476413045,233.76499097023776,235.03872680664062,24093300,0.68,0.0
2022-11-17 00:00:00-05:00,231.1981031395672,236.51669138454196,231.05226116577742,234.99014282226562,23123500,0.0,0.0
2022-11-18 00:00:00-05:00,236.76948200355858,236.99312613856966,232.41349542511938,234.54287719726562,27613500,0.0,0.0
2022-11-21 00:00:00-05:00,234.74705121223045,237.8973712159803,234.51370406585946,235.3498992919922,26394700,0.0,0.0
2022-11-22 00:00:00-05:00,236.8472486173572,238.51963895713513,234.04697919434565,238.2473907470703,19665700,0.0,0.0
2022-11-23 00:00:00-05:00,238.32520706999225,241.40745776618633,237.5084623404124,240.72683715820312,19508500,0.0,0.0
2022-11-25 00:00:00-05:00,240.46427230471662,241.81579547416155,239.900325357093,240.63929748535156,9200800,0.0,0.0
2022-11-28 00:00:00-05:00,239.26837457779106,239.8225889552407,234.13452901417463,235.0679473876953,24778200,0.0,0.0
2022-11-29 00:00:00-05:00,234.71787945747192,236.069402727706,231.61619326885713,233.67750549316406,17956300,0.0,0.0
2022-11-30 00:00:00-05:00,233.9108463177998,248.26227293636023,233.22049313047097,248.07752990722656,47594200,0.0,0.0
2022-12-01 00:00:00-05:00,246.84270566954237,249.03042418074372,243.97436658880594,247.6400146484375,26041500,0.0,0.0
2022-12-02 00:00:00-05:00,242.9048189819058,248.9720820268652,242.77841272299736,247.96087646484375,21528500,0.0,0.0
2022-12-05 00:00:00-05:00,245.0341875954859,246.79409803519974,241.19352923147437,243.2742919921875,23435300,0.0,0.0
2022-12-06 00:00:00-05:00,243.87713173110765,244.8883372658951,237.03199561292425,238.33489990234375,22463700,0.0,0.0
2022-12-07 00:00:00-05:00,238.0529405287907,239.3461270027659,235.5054686619729,237.6056671142578,20481500,0.0,0.0
2022-12-08 00:00:00-05:00,238.062638200754,241.85469212330918,236.33191114744716,240.55177307128906,22611800,0.0,0.0
2022-12-09 00:00:00-05:00,237.9265463000095,241.4366198107319,237.40150036949424,238.62661743164062,20609700,0.0,0.0
2022-12-12 00:00:00-05:00,240.6004067044122,245.5495083577721,240.32815848858516,245.5203399658203,30665100,0.0,0.0
2022-12-13 00:00:00-05:00,254.44624097086364,256.61452370043395,246.0648533202343,249.80828857421875,42196900,0.0,0.0
2022-12-14 00:00:00-05:00,250.01243990135845,255.32129440920468,247.27049264402083,250.09994506835938,35410900,0.0,0.0
2022-12-15 00:00:00-05:00,246.69684834391964,247.16355744305537,240.49344660406408,242.11721801757812,35560400,0.0,0.0
2022-12-16 00:00:00-05:00,241.6699621291789,242.92424748334844,236.7694646066407,237.91680908203125,86102000,0.0,0.0
2022-12-19 00:00:00-05:00,238.08209035651285,238.42240802601717,232.1023329485857,233.79415893554688,29696400,0.0,0.0
2022-12-20 00:00:00-05:00,232.77322117622552,236.18607121939564,231.82035247090366,235.10679626464844,25150800,0.0,0.0
2022-12-21 00:00:00-05:00,234.99988623023594,238.8210944819846,233.4636197451072,237.66403198242188,23690600,0.0,0.0
2022-12-22 00:00:00-05:00,234.5817378584511,235.2915415960275,227.396299165475,231.5967254638672,28651700,0.0,0.0
2022-12-23 00:00:00-05:00,229.57429350711575,232.2578892351766,227.46436256281203,232.12176513671875,21207000,0.0,0.0
2022-12-27 00:00:00-05:00,232.09264417818784,232.31627349212454,229.3020921713063,230.40081787109375,16688600,0.0,0.0
2022-12-28 00:00:00-05:00,230.33271426152407,233.08437961165026,227.6880046259404,228.0380401611328,17457100,0.0,0.0
2022-12-29 00:00:00-05:00,229.12706662796964,235.22351357854706,229.12706662796964,234.3386993408203,19770700,0.0,0.0
2022-12-30 00:00:00-05:00,231.6161906747891,233.3177494769252,230.1090927684712,233.18162536621094,21938500,0.0,0.0
2023-01-03 00:00:00-05:00,236.35134400033292,238.94743438602927,230.82856343773733,232.94822692871094,25740000,0.0,0.0
2023-01-04 00:00:00-05:00,225.85033012794412,226.42399496515415,219.70527974958796,222.75836181640625,50623400,0.0,0.0
2023-01-05 00:00:00-05:00,220.910952034835,221.2512697398711,215.62153242856337,216.15631103515625,39585600,0.0,0.0
2023-01-06 00:00:00-05:00,216.82719680304174,219.51079264209568,213.27823740876858,218.70376586914062,43613600,0.0,0.0
2023-01-09 00:00:00-05:00,220.18172344662707,224.8391416447206,220.14283719895346,220.8331756591797,27369800,0.0,0.0
2023-01-10 00:00:00-05:00,221.45544993887123,224.90718660058684,221.03735973961676,222.51528930664062,27033900,0.0,0.0
2023-01-11 00:00:00-05:00,224.88774240099133,229.41875426303784,224.71273203443783,229.24374389648438,28669300,0.0,0.0
2023-01-12 00:00:00-05:00,228.74782975392716,233.25939064495995,227.09488993594465,231.90786743164062,27269500,0.0,0.0
2023-01-13 00:00:00-05:00,230.43967280124468,232.74406478160432,228.41724688827324,232.60794067382812,21333300,0.0,0.0
2023-01-17 00:00:00-05:00,231.38285076871398,234.2414722028024,230.52720494179857,233.6969757080078,29831300,0.0,0.0
2023-01-18 00:00:00-05:00,234.88316097298835,235.6707371669467,229.00062672780834,229.2825927734375,30028700,0.0,0.0
2023-01-19 00:00:00-05:00,227.3088064182575,229.00064735365646,224.29461063179636,225.510009765625,28623000,0.0,0.0
2023-01-20 00:00:00-05:00,228.35887954950178,234.07612098395265,228.01856190738903,233.5705108642578,35389800,0.0,0.0
2023-01-23 00:00:00-05:00,234.42617553130606,238.38350713722812,233.01630075916648,235.86520385742188,31934000,0.0,0.0
2023-01-24 00:00:00-05:00,235.78743760454404,237.19729766623655,233.7844621578948,235.3401641845703,40234400,0.0,0.0
2023-01-25 00:00:00-05:00,227.98946035242412,236.56532501803784,224.50855494302937,233.9497833251953,66526600,0.0,0.0
2023-01-26 00:00:00-05:00,236.90559786802248,241.43660948835614,235.30127691453504,241.13519287109375,33454500,0.0,0.0
2023-01-27 00:00:00-05:00,242.09776769900014,242.9145122822852,239.99755462505527,241.29074096679688,26498900,0.0,0.0
2023-01-30 00:00:00-05:00,237.74180116090332,238.80164053803622,235.49574581512883,235.99163818359375,25867400,0.0,0.0
2023-01-31 00:00:00-05:00,236.7111417707159,241.08657882687118,236.22498209780977,240.95045471191406,26541100,0.0,0.0
2023-02-01 00:00:00-05:00,241.13517614830616,248.11642130402413,238.6752096108031,245.75369262695312,31259900,0.0,0.0
2023-02-02 00:00:00-05:00,251.6556913662783,257.3632009780913,250.12914292548695,257.27569580078125,39940400,0.0,0.0
2023-02-03 00:00:00-05:00,252.3557929633264,256.88680506414505,249.98333118224824,251.19873046875,29077300,0.0,0.0
2023-02-06 00:00:00-05:00,250.31389683270552,251.15007723406973,247.72752379068612,249.6624298095703,22518000,0.0,0.0
2023-02-07 00:00:00-05:00,253.31843326564854,261.3303375610321,252.88087756085562,260.1538391113281,50841400,0.0,0.0
2023-02-08 00:00:00-05:00,265.63761659917793,269.09907056810056,258.8410852318201,259.3467102050781,54686000,0.0,0.0
2023-02-09 00:00:00-05:00,266.2210502148411,266.39609026500864,255.5255363984652,256.3228454589844,42375100,0.0,0.0
2023-02-10 00:00:00-05:00,254.29062103296877,256.7797556334207,253.44470813701852,255.81716918945312,25818500,0.0,0.0
2023-02-13 00:00:00-05:00,260.23156430688056,266.9988986544617,259.7551076492649,263.8096923828125,44630900,0.0,0.0
2023-02-14 00:00:00-05:00,265.1223596801926,267.35868256455376,261.82618247447147,264.6361999511719,37047900,0.0,0.0
2023-02-15 00:00:00-05:00,261.54618038787015,263.89534271397224,259.4601911138888,262.52093505859375,28922400,0.68,0.0
2023-02-16 00:00:00-05:00,257.354723160625,260.00605711365523,255.2882479724247,255.5319366455078,29603600,0.0,0.0
2023-02-17 00:00:00-05:00,252.8415909356279,253.52390125596546,249.5371588117941,251.54515075683594,30000100,0.0,0.0
2023-02-21 00:00:00-05:00,248.05557870006874,249.04009049318063,245.2385381346892,246.29127502441406,28397400,0.0,0.0
2023-02-22 00:00:00-05:00,247.6754219276689,247.91911060638247,244.0200917469653,245.16055297851562,22491100,0.0,0.0
2023-02-23 00:00:00-05:00,249.10829119149065,250.3559759296498,244.15653587973247,248.33824157714844,29219100,0.0,0.0
2023-02-24 00:00:00-05:00,243.6496684913582,244.66340673985152,241.83662432455813,242.9283447265625,24990900,0.0,0.0
2023-02-27 00:00:00-05:00,246.08658915391715,246.43750145661366,243.09408495125825,243.8446502685547,21190000,0.0,0.0
2023-02-28 00:00:00-05:00,242.78216630386783,245.1410709516809,242.4507383937105,243.12332153320312,22491000,0.0,0.0
2023-03-01 00:00:00-05:00,244.4294802167035,244.59518672884,239.58494822729267,240.05284118652344,27565300,0.0,0.0
2023-03-02 00:00:00-05:00,240.32576623774196,245.05331745079246,239.4094944705545,244.77064514160156,24808200,0.0,0.0
2023-03-03 00:00:00-05:00,245.82339261513917,249.16679413004076,245.04358587267618,248.84512329101562,30760100,0.0,0.0
2023-03-06 00:00:00-05:00,249.9563441934913,253.55319146823706,249.51770754686837,250.38523864746094,24109800,0.0,0.0
2023-03-07 00:00:00-05:00,249.82958786516494,251.1845110149319,246.9930633309493,247.73387145996094,21473200,0.0,0.0
2023-03-08 00:00:00-05:00,247.62668586676327,248.11406323334165,244.47823224326854,247.29527282714844,17340200,0.0,0.0
2023-03-09 00:00:00-05:00,249.36174508099094,253.00731800229747,245.22877995450497,245.95010375976562,26653400,0.0,0.0
2023-03-10 00:00:00-05:00,244.74139919259653,246.40822131411622,241.34925717678098,242.3142547607422,28333900,0.0,0.0
2023-03-13 00:00:00-04:00,241.1543148292338,251.39899658512076,239.52647621107045,247.5097198486328,33339700,0.0,0.0
2023-03-14 00:00:00-04:00,250.26823625336974,254.4791831419145,249.4007052796058,254.2062530517578,33620300,0.0,0.0
2023-03-15 00:00:00-04:00,253.41673923474747,259.7526448252449,252.66615907277222,258.7388916015625,46028000,0.0,0.0
2023-03-16 00:00:00-04:00,258.51466054625075,269.57813126600007,256.6333912973098,269.22723388671875,54768800,0.0,0.0
2023-03-17 00:00:00-04:00,271.23522516040924,276.1772083863334,269.3441988521381,272.37567138671875,69527400,0.0,0.0
2023-03-20 00:00:00-04:00,269.9875056388711,270.4748828771733,263.03750146113805,265.357421875,43466600,0.0,0.0
2023-03-21 00:00:00-04:00,267.9406445942705,268.05761042836633,262.7159426097616,266.868408203125,34558700,0.0,0.0
2023-03-22 00:00:00-04:00,266.497948625342,273.9450893595406,265.30874661401754,265.4159851074219,34873300,0.0,0.0
2023-03-23 00:00:00-04:00,270.9232596514369,273.964488836945,268.25244192390784,270.65032958984375,36610900,0.0,0.0
2023-03-24 00:00:00-04:00,270.24101876130743,273.5454519039974,268.33050762928787,273.4869689941406,28172000,0.0,0.0
2023-03-27 00:00:00-04:00,273.41869458351096,274.35445077052975,268.56440544663616,269.4027099609375,26840200,0.0,0.0
2023-03-28 00:00:00-04:00,268.82756793649463,269.16873798129603,265.18196566074795,268.2817077636719,21878600,0.0,0.0
2023-03-29 00:00:00-04:00,271.9176397709612,274.0426282264462,271.38153643303514,273.42852783203125,25087000,0.0,0.0
2023-03-30 00:00:00-04:00,277.0545067536676,277.2786812703255,274.3739316415299,276.8790283203125,25053400,0.0,0.0
2023-03-31 00:00:00-04:00,276.5671828397676,281.96730287180225,275.8556011455048,281.02178955078125,32766000,0.0,0.0
2023-04-03 00:00:00-04:00,279.2866930601582,280.99251370652144,276.781596204477,279.9787902832031,24883300,0.0,0.0
2023-04-04 00:00:00-04:00,279.9788398181857,283.11755155269356,278.45822466702356,279.9300842285156,25824300,0.0,0.0
2023-04-05 00:00:00-04:00,278.63360157573726,279.90077062602654,275.7775778065867,277.1617126464844,22064800,0.0,0.0
2023-04-06 00:00:00-04:00,276.06028813189846,284.70635812116194,274.91008465074276,284.2384948730469,29770300,0.0,0.0
2023-04-10 00:00:00-04:00,281.90875009189506,282.28891863830444,277.5223546944505,282.084228515625,23103000,0.0,0.0
2023-04-11 00:00:00-04:00,278.5361465748028,278.7603508575734,274.5299191651681,275.6898498535156,27276600,0.0,0.0
2023-04-12 00:00:00-04:00,277.60035917532724,279.76431548610367,274.84178711506826,276.3331604003906,27403400,0.0,0.0
2023-04-13 00:00:00-04:00,276.4306715348985,282.58137108364906,276.02129123451107,282.52288818359375,24222700,0.0,0.0
2023-04-14 00:00:00-04:00,279.75462616341997,281.1972739689878,276.5281901717606,278.9163513183594,20987900,0.0,0.0
2023-04-17 00:00:00-04:00,282.6106328823751,284.23848637686285,278.93581824426053,281.5091552734375,23836200,0.0,0.0
2023-04-18 00:00:00-04:00,284.2092231464568,284.39442891149264,279.76434427989847,281.0899963378906,20161800,0.0,0.0
2023-04-19 00:00:00-04:00,278.7700813374877,281.7528282776957,277.3567049001675,281.1679992675781,17150300,0.0,0.0
2023-04-20 00:00:00-04:00,278.048779675469,281.7333512714664,277.88305828682746,278.8870544433594,23244400,0.0,0.0
2023-04-21 00:00:00-04:00,277.81489332461183,279.04306422525923,275.9141094408332,278.54595947265625,21676400,0.0,0.0
2023-04-24 00:00:00-04:00,274.9685448486902,277.75635870948304,271.6836263278282,274.6566162109375,26611000,0.0,0.0
2023-04-25 00:00:00-04:00,272.453630628669,274.49086389532874,268.41813285609015,268.4668884277344,45772200,0.0,0.0
2023-04-26 00:00:00-04:00,289.2096786986015,292.0072194183814,285.3399020547386,287.9132385253906,64599200,0.0,0.0
2023-04-27 00:00:00-04:00,288.4981481341887,297.4951446738083,287.79632356423065,297.13446044921875,46462600,0.0,0.0
2023-04-28 00:00:00-04:00,296.3352508757217,301.13102839340746,295.6529105371697,299.5032043457031,36469600,0.0,0.0
2023-05-01 00:00:00-04:00,299.2204464922504,300.80930138647517,297.44638582832135,297.8460388183594,21294100,0.0,0.0
2023-05-02 00:00:00-04:00,299.9904777866923,301.37461262601437,296.23766672018985,297.6997985839844,26404400,0.0,0.0
2023-05-03 00:00:00-04:00,298.8792887083803,300.819041090019,296.4131604465873,296.71533203125,22360800,0.0,0.0
2023-05-04 00:00:00-04:00,298.50883179320516,299.9904777866923,295.7405323674121,297.6997985839844,22519900,0.0,0.0
2023-05-05 00:00:00-04:00,298.00205242307055,304.094270204725,296.58864599886385,302.8075866699219,28197100,0.0,0.0
2023-05-08 00:00:00-04:00,302.3006492277248,302.36888918912433,298.36263230970064,300.8580017089844,21318600,0.0,0.0
2023-05-09 00:00:00-04:00,300.2244801474705,302.21298828024834,298.5771421461096,299.2497253417969,21340800,0.0,0.0
2023-05-10 00:00:00-04:00,300.8287815493971,305.09821176430125,299.9027824610233,304.4256286621094,30078000,0.0,0.0
2023-05-11 00:00:00-04:00,302.2714311285641,303.2656701896078,298.5283767405059,302.2811584472656,31680200,0.0,0.0
2023-05-12 00:00:00-04:00,302.71005168658775,302.8075331032812,298.8597885779878,301.1699523925781,19774700,0.0,0.0
2023-05-15 00:00:00-04:00,301.2966855922646,302.0764774582507,299.82479646702666,301.6475830078125,16336500,0.0,0.0
2023-05-16 00:00:00-04:00,302.0082405576207,305.790293615096,302.0082405576207,303.8700256347656,26730300,0.0,0.0
2023-05-17 00:00:00-04:00,305.0716298231173,307.16214962437107,303.55743916918806,306.7420959472656,24315000,0.68,0.0
2023-05-18 00:00:00-04:00,307.2598588771496,311.6656229362175,306.468583842939,311.1576232910156,27276000,0.0,0.0
2023-05-19 00:00:00-04:00,309.4187276052405,311.38227715164794,309.05728471229986,310.98175048828125,27546700,0.0,0.0
2023-05-22 00:00:00-04:00,311.2357215634577,315.1334851097125,310.659362704621,313.7560729980469,24115700,0.0,0.0
2023-05-23 00:00:00-04:00,312.63266399021563,315.26048835857114,307.9631525133489,307.9729309082031,30797200,0.0,0.0
2023-05-24 00:00:00-04:00,307.45515342600294,309.1842298558464,305.38413133071174,306.5954895019531,23384900,0.0,0.0
2023-05-25 00:00:00-04:00,315.7684901108892,319.3438949651791,312.6033903237595,318.3865661621094,43301700,0.0,0.0
2023-05-26 00:00:00-04:00,316.5304052743781,325.69359534814544,316.3936568169518,325.1954040527344,36630600,0.0,0.0
2023-05-30 00:00:00-04:00,327.4813284245179,327.9795197443462,322.8801763737934,323.5542297363281,29503100,0.0,0.0
2023-05-31 00:00:00-04:00,324.60934766264484,328.1749743960477,319.76397327421006,320.79949951171875,45950600,0.0,0.0
2023-06-01 00:00:00-04:00,318.396295279445,325.8206313081567,317.21427212946173,324.892578125,26773900,0.0,0.0
2023-06-02 00:00:00-04:00,326.5239875083562,329.6988654721622,324.8632701870316,327.64739990234375,25873800,0.0,0.0
2023-06-05 00:00:00-04:00,327.47159843712996,330.734392827561,326.924544875392,328.1749572753906,21307100,0.0,0.0
2023-06-06 00:00:00-04:00,327.5790489490728,327.61813272213266,324.49211655757586,325.9671936035156,20396200,0.0,0.0
2023-06-07 00:00:00-04:00,323.98413800054084,326.7584898244199,315.04563976499446,315.9053039550781,40717100,0.0,0.0
2023-06-08 00:00:00-04:00,316.4522947423508,319.08989754628954,315.8759358684607,317.7417907714844,23277700,0.0,0.0
2023-06-09 00:00:00-04:00,317.47800789711727,322.3624353785323,316.9114274266321,319.2364196777344,22529000,0.0,0.0
2023-06-12 00:00:00-04:00,320.98497863319494,324.4236341819199,317.6440473951295,324.1794128417969,24260300,0.0,0.0
2023-06-13 00:00:00-04:00,326.7389426125968,329.1909351194717,322.7532623015664,326.5631103515625,22951300,0.0,0.0
2023-06-14 00:00:00-04:00,326.6118850882896,331.20325873096044,325.11725150881233,329.54254150390625,26003800,0.0,0.0
2023-06-15 00:00:00-04:00,329.679373413851,341.7536655006573,329.40584662971514,340.05389404296875,38899100,0.0,0.0
2023-06-16 00:00:00-04:00,343.19942687785715,343.3459537429244,334.04601435643656,334.4172058105469,46552000,0.0,0.0
2023-06-20 00:00:00-04:00,331.4670609717045,334.1730234363889,328.0967936208768,330.2361755371094,26375400,0.0,0.0
2023-06-21 00:00:00-04:00,328.59499110748806,329.923570971666,324.3943951235906,325.8499450683594,25117800,0.0,0.0
2023-06-22 00:00:00-04:00,326.3970013361719,332.2583147464339,325.6350317853251,331.8577880859375,23556800,0.0,0.0
2023-06-23 00:00:00-04:00,326.63152741817,330.148322321333,325.7425875595465,327.2762756347656,23146900,0.0,0.0
2023-06-26 00:00:00-04:00,326.00622657027685,328.3409673865728,320.89710473059927,321.00457763671875,21520600,0.0,0.0
2023-06-27 00:00:00-04:00,324.1892578253604,328.38010561548896,321.6884329438187,326.8366394042969,24354100,0.0,0.0
2023-06-28 00:00:00-04:00,326.92453987884056,330.1678072397065,326.0941811528345,328.0870361328125,20259500,0.0,0.0
2023-06-29 00:00:00-04:00,326.97337394490575,328.3410078355039,324.93168659890875,327.3055114746094,16997000,0.0,0.0
2023-06-30 00:00:00-04:00,329.94309061938924,334.80799133337183,329.40581549810116,332.6686096191406,26832800,0.0,0.0
2023-07-03 00:00:00-04:00,331.3498259032752,333.02029191600536,328.7903904255227,330.17755126953125,12508700,0.0,0.0
2023-07-05 00:00:00-04:00,327.3445947298887,333.7529619318794,326.99293022093957,330.3338623046875,18172400,0.0,0.0
2023-07-06 00:00:00-04:00,329.5034771232006,335.0619581701481,327.7450950952517,333.3817138671875,28161200,0.0,0.0
2023-07-07 00:00:00-04:00,331.47678896129895,333.8896972947202,329.21040748776585,329.4253234863281,21214800,0.0,0.0
2023-07-10 00:00:00-04:00,326.86587333332807,327.48131592887023,320.01789687690416,324.1598815917969,32791400,0.0,0.0
2023-07-11 00:00:00-04:00,323.40768320181985,325.16606502447587,319.4415308007057,324.78509521484375,26698200,0.0,0.0
2023-07-12 00:00:00-04:00,328.8197159187511,333.75297652887264,327.91121941871575,329.4058532714844,29995300,0.0,0.0
2023-07-13 00:00:00-04:00,331.711242452727,335.79461674267833,331.1837159282275,334.7395935058594,20567200,0.0,0.0
2023-07-14 00:00:00-04:00,339.55563567406386,343.3068725083686,336.35145234816736,337.25994873046875,28352700,0.0,0.0
2023-07-17 00:00:00-04:00,337.689785296776,338.9695029653532,334.29024270759476,337.7386474609375,20363900,0.0,0.0
2023-07-18 00:00:00-04:00,337.83625376752536,358.30201415620235,334.2608795546249,351.1805114746094,64738600,0.0,0.0
2023-07-19 00:00:00-04:00,353.388368189592,354.0819486228708,344.293565577068,346.8725280761719,39732900,0.0,0.0
2023-07-20 00:00:00-04:00,345.3974402048797,349.6957307761419,337.3869665581141,338.852294921875,33778400,0.0,0.0
2023-07-21 00:00:00-04:00,341.0795312759444,342.2029435229438,331.97495219760316,335.8238830566406,69405400,0.0,0.0
2023-07-24 00:00:00-04:00,337.85585009967554,338.9011247209187,334.3976671440658,337.1329345703125,26678100,0.0,0.0
2023-07-25 00:00:00-04:00,339.0867071747874,343.75624842360725,337.0938822455354,342.8672790527344,41637700,0.0,0.0
2023-07-26 00:00:00-04:00,333.547829841797,336.70318113968654,325.4103558990967,329.962646484375,58383700,0.0,0.0
2023-07-27 00:00:00-04:00,332.61003601882766,333.4403649695194,321.444210409782,323.07562255859375,39635300,0.0,0.0
2023-07-28 00:00:00-04:00,325.9573926830905,332.1508430764587,325.4689499409115,330.5487365722656,28484900,0.0,0.0
2023-07-31 00:00:00-04:00,329.13228102338303,329.89425053304086,325.6545411607463,328.1553955078125,25446000,0.0,0.0
2023-08-01 00:00:00-04:00,327.44229185029457,330.7148646247149,325.98674182307207,328.5657043457031,18311900,0.0,0.0
2023-08-02 00:00:00-04:00,325.9183364890345,325.9183364890345,318.8163593371292,319.9300231933594,27761300,0.0,0.0
2023-08-03 00:00:00-04:00,318.46468799733185,322.25500868577666,318.415855644904,319.10943603515625,18253700,0.0,0.0
2023-08-04 00:00:00-04:00,324.20875816253636,327.3934143700841,319.67599522143337,320.2035217285156,23741500,0.0,0.0
2023-08-07 00:00:00-04:00,320.77990397221754,323.45656084506595,319.94954529049863,322.47967529296875,17741500,0.0,0.0
2023-08-08 00:00:00-04:00,319.4025193112215,321.1511529476865,315.53406053871555,318.5135498046875,22327600,0.0,0.0
2023-08-09 00:00:00-04:00,318.9238148724649,319.5490060989431,313.62908227048086,314.7818298339844,22373300,0.0,0.0
2023-08-10 00:00:00-04:00,318.4842099187915,320.6724537793776,313.75608752866935,315.46563720703125,20113700,0.0,0.0
2023-08-11 00:00:00-04:00,312.85733227727417,314.9576299552727,311.83158470510494,313.5899963378906,24355500,0.0,0.0
2023-08-14 00:00:00-04:00,313.9613076998514,316.56957580963035,312.6815600127045,316.550048828125,18836100,0.0,0.0
2023-08-15 00:00:00-04:00,315.53401288819225,317.5756999823602,313.48254739923874,314.42034912109375,16966300,0.0,0.0
2023-08-16 00:00:00-04:00,314.04837487104845,317.59221281010525,313.06942104679297,313.65679931640625,20698900,0.68,0.0
2023-08-17 00:00:00-04:00,313.7938817302348,315.09587723168505,309.5549947446499,310.2109069824219,21257200,0.0,0.0
2023-08-18 00:00:00-04:00,307.8711973932979,311.679342341884,304.99307058455463,309.8193359375,24755000,0.0,0.0
2023-08-21 00:00:00-04:00,311.23877242073405,315.9769051965937,310.3675190796091,315.10565185546875,24040000,0.0,0.0
2023-08-22 00:00:00-04:00,318.6494592891844,319.21723934340076,314.6944776045053,315.6734313964844,16084600,0.0,0.0
2023-08-23 00:00:00-04:00,317.00488396305076,322.27166113870885,316.652444996216,320.1179504394531,21166400,0.0,0.0
2023-08-24 00:00:00-04:00,325.84476921608996,325.97203798658785,313.2260407459276,313.23583984375,23281400,0.0,0.0
2023-08-25 00:00:00-04:00,314.70429575926823,318.5124107055097,312.0904758312742,316.1825256347656,21684100,0.0,0.0
2023-08-28 00:00:00-04:00,318.8060700154935,319.2857477751521,314.94898999316615,316.8873291015625,14808500,0.0,0.0
2023-08-29 00:00:00-04:00,315.1056626837717,322.0562408320529,315.1056626837717,321.49822998046875,19284600,0.0,0.0
2023-08-30 00:00:00-04:00,321.75276957784916,322.86876141280084,319.57949087262745,321.8702392578125,15222100,0.0,0.0
2023-08-31 00:00:00-04:00,322.2716344766663,323.94563727355137,319.9025529034829,320.8619384765625,26411000,0.0,0.0
2023-09-01 00:00:00-04:00,324.33720272503615,325.00288418337306,319.9025429102048,321.74298095703125,14942000,0.0,0.0
2023-09-05 00:00:00-04:00,322.07577133856296,327.80265653043256,321.74293066142496,326.5299987792969,18553900,0.0,0.0
2023-09-06 00:00:00-04:00,326.3636529709045,327.4209100280818,323.23098856949474,325.8741760253906,17535800,0.0,0.0
2023-09-07 00:00:00-04:00,324.3176359252016,326.0699418421109,322.1051906191248,322.9666748046875,18381000,0.0,0.0
2023-09-08 00:00:00-04:00,323.1428437260037,329.08510023164433,322.52609807587226,327.23486328125,19530100,0.0,0.0
2023-09-11 00:00:00-04:00,330.1423571352341,331.29754527961506,328.3704532160462,330.82763671875,16583300,0.0,0.0
2023-09-12 00:00:00-04:00,328.75228709732,329.7018735211136,324.50363099894156,324.7875061035156,17565500,0.0,0.0
2023-09-13 00:00:00-04:00,324.3372427360716,329.7606561840055,324.2002047131797,328.9872741699219,16544400,0.0,0.0
2023-09-14 00:00:00-04:00,332.0122276628957,333.6862305598508,329.4865396056531,331.57171630859375,20267000,0.0,0.0
2023-09-15 00:00:00-04:00,329.8291132111252,330.2989918946616,322.7121002719872,323.2701110839844,37679800,0.0,0.0
2023-09-18 00:00:00-04:00,320.90106058890035,323.4463465779978,319.4913646526402,322.1345520019531,16834200,0.0,0.0
2023-09-19 00:00:00-04:00,319.3053983263758,322.45763099664185,317.6803313099975,321.7331848144531,16505900,0.0,0.0
2023-09-20 00:00:00-04:00,322.57502662841824,322.6533297752539,313.76444378232884,314.0189514160156,21436500,0.0,0.0
2023-09-21 00:00:00-04:00,312.54080796824985,318.50263318201627,308.37045511046944,312.80511474609375,35560400,0.0,0.0
2023-09-22 00:00:00-04:00,314.5574539286877,314.68472270748657,309.49624944861836,310.3381652832031,21447900,0.0,0.0
2023-09-25 00:00:00-04:00,309.92700700519936,310.98429393163934,308.3704739123921,310.8570251464844,17836000,0.0,0.0
2023-09-26 00:00:00-04:00,308.4977412546043,309.23195666524725,303.49527138826676,305.5706787109375,26297600,0.0,0.0
2023-09-27 00:00:00-04:00,305.7272320635668,307.68513948600474,303.17217721742753,306.2069396972656,19410100,0.0,0.0
2023-09-28 00:00:00-04:00,304.4449019920562,308.84042586965904,302.9373343071566,307.0391540527344,19683600,0.0,0.0
2023-09-29 00:00:00-04:00,311.06258297495117,312.746384776468,308.35089159051364,309.10467529296875,24147300,0.0,0.0
2023-10-02 00:00:00-04:00,309.62346914878606,315.1154148364271,308.5466141242197,315.02728271484375,20570000,0.0,0.0
2023-10-03 00:00:00-04:00,314.0776994982749,314.62594105043695,304.66016977210535,306.7943115234375,21033500,0.0,0.0
2023-10-04 00:00:00-04:00,307.4208957324774,313.3044183025866,307.391528310135,312.24713134765625,20720100,0.0,0.0
2023-10-05 00:00:00-04:00,312.37442608711734,313.2457094811614,308.27260646582175,312.63873291015625,16965600,0.0,0.0
2023-10-06 00:00:00-04:00,309.8878491254301,322.26184092251725,309.6431106472469,320.3724670410156,25673600,0.0,0.0
2023-10-09 00:00:00-04:00,317.91520719974994,323.3483881671333,316.3782427539174,322.8785095214844,19891200,0.0,0.0
2023-10-10 00:00:00-04:00,323.9946184077105,324.1316863124822,320.7738811492504,321.4787292480469,20557100,0.0,0.0
2023-10-11 00:00:00-04:00,324.2393029495446,325.8154342155564,322.21289114367397,325.4238586425781,20063200,0.0,0.0
2023-10-12 00:00:00-04:00,323.6127894514465,326.6083859172805,321.8017188086289,324.19036865234375,19313100,0.0,0.0
2023-10-13 00:00:00-04:00,325.3846793916084,326.8041445225291,319.49135820401887,320.8325500488281,21072400,0.0,0.0
2023-10-16 00:00:00-04:00,324.0826582883067,329.06555964733286,323.6421469834392,325.63922119140625,22158000,0.0,0.0
2023-10-17 00:00:00-04:00,322.6534545236454,326.44200183219317,320.5193419125455,325.07147216796875,18338500,0.0,0.0
2023-10-18 00:00:00-04:00,325.4923293025366,328.52709196343386,321.3905106177838,323.16241455078125,23153600,0.0,0.0
2023-10-19 00:00:00-04:00,325.1595033838665,329.78996567974724,323.9456102144574,324.34698486328125,25052100,0.0,0.0
2023-10-20 00:00:00-04:00,324.7385967213242,324.93439945615916,318.60056637565555,319.7948913574219,25027700,0.0,0.0
2023-10-23 00:00:00-04:00,318.620090545015,325.7273046053134,317.5628335992071,322.3890686035156,24374700,0.0,0.0
2023-10-24 00:00:00-04:00,324.3273920928105,324.8560355263617,320.70528084515973,323.5736083984375,31153600,0.0,0.0
2023-10-25 00:00:00-04:00,337.7586697804962,338.91385810810175,330.5144167677778,333.500244140625,55053800,0.0,0.0
2023-10-26 00:00:00-04:00,333.37295718073534,334.4400133073603,320.0591786565096,320.98919677734375,37828500,0.0,0.0
2023-10-27 00:00:00-04:00,323.47575161012696,329.63338041744635,321.48847625541964,322.8688049316406,29856500,0.0,0.0
2023-10-30 00:00:00-04:00,326.39299310170355,332.3058824741977,324.84622935304117,330.2109069824219,22828100,0.0,0.0
2023-10-31 00:00:00-04:00,331.71852577091533,331.865362876774,327.64607407506094,330.99407958984375,20265300,0.0,0.0
2023-11-01 00:00:00-04:00,332.63870122035286,340.10812307119625,332.50163335597534,338.7865295410156,28158800,0.0,0.0
2023-11-02 00:00:00-04:00,339.93190993700205,341.4884429030558,337.51389284186956,340.98919677734375,24348100,0.0,0.0
2023-11-03 00:00:00-04:00,342.2716414539088,346.93147136857294,340.02002965992455,345.3749084472656,23637700,0.0,0.0
2023-11-06 00:00:00-05:00,346.0112331411466,350.01515060483416,345.9133317859224,349.0263977050781,23828300,0.0,0.0
2023-11-07 00:00:00-05:00,351.83600759444016,354.83160398439014,350.1032700356418,352.9422302246094,25833900,0.0,0.0
2023-11-08 00:00:00-05:00,354.067970995073,356.2118820120091,352.96174852168724,355.5559997558594,26767800,0.0,0.0
2023-11-09 00:00:00-05:00,354.6749477041347,357.11256296700316,352.77577495327927,353.0988464355469,24847300,0.0,0.0
2023-11-10 00:00:00-05:00,353.88202716517856,362.31083557483976,353.47088326732273,361.889892578125,28042100,0.0,0.0
2023-11-13 00:00:00-05:00,360.4703657564029,360.715104203908,358.19918579348337,358.9627685546875,19986500,0.0,0.0
2023-11-14 00:00:00-05:00,363.20168005612413,364.1218990717547,359.61870535436486,362.47723388671875,27683900,0.0,0.0
2023-11-15 00:00:00-05:00,364.203659277244,366.0184055463694,360.11312341587404,362.6243591308594,26860100,0.75,0.0
2023-11-16 00:00:00-05:00,363.88976551430744,369.17705042836303,363.12463294088235,369.00048828125,27182300,0.0,0.0
2023-11-17 00:00:00-05:00,366.4893122703207,367.2348369276998,360.00530734381556,362.8009948730469,40157000,0.0,0.0
2023-11-20 00:00:00-05:00,364.1448542442713,371.64904556813445,363.9290460653395,370.2463073730469,52465100,0.0,0.0
2023-11-21 00:00:00-05:00,368.5100468166504,369.0495522871196,364.0467481750121,365.9595947265625,28423100,0.0,0.0
2023-11-22 00:00:00-05:00,370.7956031427492,372.5514954656195,367.8233538705503,370.6484680175781,23345300,0.0,0.0
2023-11-24 00:00:00-05:00,370.1383501357465,370.7661665682208,367.9901174917075,370.2364501953125,10176600,0.0,0.0
2023-11-27 00:00:00-05:00,369.5988734413345,373.38532049617334,369.02994094912424,371.39398193359375,22179200,0.0,0.0
2023-11-28 00:00:00-05:00,371.1389683050371,375.7003371685908,370.95258715281994,375.40606689453125,20453100,0.0,0.0
2023-11-29 00:00:00-05:00,376.4458170169272,376.9755034472532,370.24626453575155,371.62939453125,28963400,0.0,0.0
2023-11-30 00:00:00-05:00,371.2762546529022,372.8457658390955,368.313824366715,371.6882629394531,30554400,0.0,0.0
2023-12-01 00:00:00-05:00,369.579278745005,370.9525899274523,364.23313921740737,367.3721618652344,33040500,0.0,0.0
2023-12-04 00:00:00-05:00,362.06527668869364,362.47725508494324,355.98343139448775,362.1045227050781,32063300,0.0,0.0
2023-12-05 00:00:00-05:00,359.46575623768496,365.9693683802573,358.65155863650625,365.4200439453125,23065000,0.0,0.0
2023-12-06 00:00:00-05:00,366.42064545969674,367.0484320232483,361.0156519151652,361.7709655761719,21182100,0.0,0.0
2023-12-07 00:00:00-05:00,361.2117840986747,364.37041416963126,359.3381838764181,363.87994384765625,23118900,0.0,0.0
2023-12-08 00:00:00-05:00,362.16331218821597,367.3230398250767,361.2117985281366,367.0974426269531,20154400,0.0,0.0
2023-12-11 00:00:00-05:00,361.45703660419446,364.51756677042914,359.1223929698161,364.2232666015625,27708800,0.0,0.0
2023-12-12 00:00:00-05:00,363.7818787799653,367.28384440026525,363.3992975227853,367.2445983886719,24838300,0.0,0.0
2023-12-13 00:00:00-05:00,368.8533179256787,370.44246703468053,363.7033791572921,367.2347717285156,30955500,0.0,0.0
2023-12-14 00:00:00-05:00,366.19497468337374,366.63640997800485,357.1899461347514,358.95562744140625,43277500,0.0,0.0
2023-12-15 00:00:00-05:00,359.858129570657,365.30233890168853,359.29898614385536,363.6641845703125,78502300,0.0,0.0
2023-12-18 00:00:00-05:00,362.4085843593443,365.89091216563435,361.65324079721444,365.5475769042969,21802900,0.0,0.0
2023-12-19 00:00:00-05:00,364.40968123442,366.1459655761719,362.79113493260104,366.1459655761719,20603700,0.0,0.0
2023-12-20 00:00:00-05:00,367.852799906723,368.8631677330293,363.46799333439736,363.5562744140625,26316700,0.0,0.0
2023-12-21 00:00:00-05:00,365.45929104730993,367.2740374598463,362.98733108269056,366.4206237792969,17708000,0.0,0.0
2023-12-22 00:00:00-05:00,366.55792471126443,368.02933580590116,365.606411005962,367.4407653808594,17107500,0.0,0.0
2023-12-26 00:00:00-05:00,367.8527728468658,369.7558002532684,366.38136175547834,367.5192565917969,12673100,0.0,0.0
2023-12-27 00:00:00-05:00,366.56778944423564,367.91167362196546,365.7045567045712,366.9405517578125,14905400,0.0,0.0
2023-12-28 00:00:00-05:00,368.2157224809446,369.2849443001597,367.0287925621367,368.12744140625,14327000,0.0,0.0
2023-12-29 00:00:00-05:00,368.8337398258849,369.9716347431921,366.361779793351,368.87298583984375,18730800,0.0,0.0
2024-01-02 00:00:00-05:00,366.73448635273246,368.7356138207432,359.779620180644,363.8014831542969,25258600,0.0,0.0
2024-01-03 00:00:00-05:00,361.97695939537715,366.1459576250118,361.48648901542015,363.5366516113281,23083500,0.0,0.0
2024-01-04 00:00:00-05:00,363.6053166389914,365.9889954484458,360.1720240549271,360.9273376464844,20901500,0.0,0.0
2024-01-05 00:00:00-05:00,361.93771572916546,364.96881910463645,359.5147908390338,360.740966796875,21004600,0.0,0.0
2024-01-08 00:00:00-05:00,362.26142084093584,368.04899543580075,361.9769695664422,367.5487060546875,23134000,0.0,0.0
2024-01-09 00:00:00-05:00,364.91982181669266,368.82394731160934,364.11544312045595,368.6277770996094,20830000,0.0,0.0
2024-01-10 00:00:00-05:00,369.1966857666869,376.84804200266086,369.1476507008414,375.4747009277344,25514200,0.0,0.0
2024-01-11 00:00:00-05:00,378.64313944413783,383.2339350900792,373.1302570741052,377.29925537109375,27850800,0.0,0.0
2024-01-12 00:00:00-05:00,378.14285622037966,381.27205974083927,377.31886954764786,381.0660705566406,21661200,0.0,0.0
2024-01-16 00:00:00-05:00,386.1570987194693,386.5200419691374,380.232208829081,382.8316955566406,27202300,0.0,0.0
2024-01-17 00:00:00-05:00,380.58540492477397,382.67478358686355,377.47580955942465,382.0469970703125,22234100,0.0,0.0
2024-01-18 00:00:00-05:00,384.2541423864291,386.4808672893111,382.68463107425833,386.3631591796875,23392100,0.0,0.0
2024-01-19 00:00:00-05:00,388.2172050320022,391.0717468261719,386.00026887648824,391.0717468261719,29331100,0.0,0.0
2024-01-22 00:00:00-05:00,392.39593223013395,392.9845027036078,386.0884900033909,388.9528503417969,27016900,0.0,0.0
2024-01-23 00:00:00-05:00,388.2073142541726,391.7681340805433,386.4219948473302,391.2972717285156,20525900,0.0,0.0
2024-01-24 00:00:00-05:00,393.88696340305137,397.89900754206303,392.8177415608544,394.88751220703125,24867000,0.0,0.0
2024-01-25 00:00:00-05:00,396.6140284196201,399.252761812522,394.85813584184393,397.1535339355469,21021200,0.0,0.0
2024-01-26 00:00:00-05:00,396.66300059602537,398.4287118822507,394.75997317345707,396.23138427734375,17803300,0.0,0.0
2024-01-29 00:00:00-05:00,398.32076431346576,402.1660648947645,396.6237261848935,401.9110107421875,24510200,0.0,0.0
2024-01-30 00:00:00-05:00,404.40264755037606,405.1775691973873,398.7033841260815,400.8025817871094,33477600,0.0,0.0
2024-01-31 00:00:00-05:00,399.2037024045015,407.4043839387936,389.6395285786488,390.0024719238281,47871100,0.0,0.0
2024-02-01 00:00:00-05:00,394.17141257606636,400.2238302394902,394.1419855506921,396.0842590332031,30657700,0.0,0.0
2024-02-02 00:00:00-05:00,396.11370188933375,404.7852149654356,395.86846668943514,403.3824768066406,28256700,0.0,0.0
2024-02-05 00:00:00-05:00,402.087638647816,403.3236336682533,396.29027477301287,397.91864013671875,25352300,0.0,0.0
2024-02-06 00:00:00-05:00,398.14430007293356,400.1944629759933,395.2309043820716,397.76171875,18382600,0.0,0.0
2024-02-07 00:00:00-05:00,399.67450426882596,406.4037434899342,399.63525825649936,406.15850830078125,22340500,0.0,0.0
2024-02-08 00:00:00-05:00,406.15849214322577,407.63972220628386,404.6674730294275,406.21734619140625,21225300,0.0,0.0
2024-02-09 00:00:00-05:00,407.3356331031592,412.799480086422,407.17867899598485,412.53460693359375,22032800,0.0,0.0
2024-02-12 00:00:00-05:00,412.54443290280494,412.72099505038886,406.84516963028506,407.345458984375,21202900,0.0,0.0
2024-02-13 00:00:00-05:00,397.22213321307663,402.25436384146246,395.7016870880575,398.5758361816406,27824900,0.0,0.0
2024-02-14 00:00:00-05:00,401.03272774217567,402.7721928081846,397.5930862054174,402.42822265625,20401200,0.75,0.0
2024-02-15 00:00:00-05:00,401.1015670196542,402.07448469518283,397.3179549607251,399.5487976074219,21825500,0.0,0.0
2024-02-16 00:00:00-05:00,400.9246260176193,401.24895188558764,396.4825852713034,397.0918884277344,22296500,0.0,0.0
2024-02-20 00:00:00-05:00,396.28600214507156,397.5144455402651,391.1462141740097,395.8437805175781,24307900,0.0,0.0
2024-02-21 00:00:00-05:00,393.269037314301,395.3524728813638,390.3698983938528,395.2443542480469,18518900,0.0,0.0
2024-02-22 00:00:00-05:00,403.1161813071161,405.710638303165,401.52412337910727,404.5509948730469,27009900,0.0,0.0
2024-02-23 00:00:00-05:00,408.5017108463529,408.6884066709004,401.9172415297094,403.26361083984375,16295900,0.0,0.0
2024-02-26 00:00:00-05:00,404.3642838981377,405.05222425854834,400.3349831970826,400.51190185546875,16193500,0.0,0.0
2024-02-27 00:00:00-05:00,400.9540653434054,401.2783911773055,396.8854766342273,400.452880859375,14835800,0.0,0.0
2024-02-28 00:00:00-05:00,401.14080998935714,402.2414904650158,398.33014591696406,400.6887512207031,13183100,0.0,0.0
2024-02-29 00:00:00-05:00,401.5929096701564,407.05702360240457,398.91981558888216,406.5066833496094,31947300,0.0,0.0
2024-03-01 00:00:00-05:00,404.17750116999156,408.69817863723034,403.7942424452674,408.3345642089844,17823400,0.0,0.0
2024-03-04 00:00:00-05:00,406.31016048803207,410.1527354833861,405.2094798738606,407.7646484375,17596000,0.0,0.0
2024-03-05 00:00:00-05:00,406.821192843755,407.1062001502952,393.7309209213856,395.70623779296875,26919200,0.0,0.0
2024-03-06 00:00:00-05:00,396.02071283324057,398.17294829822555,391.5197089331465,395.1558837890625,22344100,0.0,0.0
2024-03-07 00:00:00-05:00,399.1163813277323,402.71326755552275,395.30328784063323,402.0843200683594,18718500,0.0,0.0
2024-03-08 00:00:00-05:00,400.9246750672685,403.34227368160253,397.35727003094775,399.2146911621094,18002200,0.0,0.0
2024-03-11 00:00:00-04:00,396.7970720878644,398.68394443475927,394.34018518419236,397.5439453125,16120800,0.0,0.0
2024-03-12 00:00:00-04:00,400.59053286353617,408.40344602882556,399.7748595225906,408.1184387207031,22457000,0.0,0.0
2024-03-13 00:00:00-04:00,410.88979275530687,410.96839994406946,404.3544792559954,407.9415283203125,17115900,0.0,0.0
2024-03-14 00:00:00-04:00,412.9928939125644,420.44219256711494,410.7816954714427,417.88702392578125,34157300,0.0,0.0
2024-03-15 00:00:00-04:00,412.0592402980969,415.31215606424155,405.6713345351322,409.2387390136719,45079900,0.0,0.0
2024-03-18 00:00:00-04:00,407.10616562272253,413.4744273628243,406.6442696787311,410.12322998046875,20106000,0.0,0.0
2024-03-19 00:00:00-04:00,410.62442124737834,414.39822603826195,408.38374152289526,414.1427001953125,19837900,0.0,0.0
2024-03-20 00:00:00-04:00,414.7225113763612,418.61421185332546,413.4056235884817,417.8968200683594,17860100,0.0,0.0
2024-03-21 00:00:00-04:00,422.4174518440492,423.3903994195494,419.79351351352574,421.96539306640625,21296200,0.0,0.0
2024-03-22 00:00:00-04:00,422.2897491598315,422.446963535343,418.7223444405752,421.3462829589844,17648500,0.0,0.0
2024-03-25 00:00:00-04:00,417.9066492539799,420.03924040543956,414.3392444656493,415.56768798828125,18060500,0.0,0.0
2024-03-26 00:00:00-04:00,418.2702713092194,418.6437229454669,414.0837561023913,414.3785705566406,16725600,0.0,0.0
2024-03-27 00:00:00-04:00,417.1204243635022,417.13026150811925,411.78407332169564,414.1623229980469,16705000,0.0,0.0
2024-03-28 00:00:00-04:00,413.70045116356334,414.59476162825587,411.89218593509474,413.464599609375,21871200,0.0,0.0
2024-04-01 00:00:00-04:00,416.6388658317179,420.5109217375922,414.93868940887074,417.2481689453125,16316000,0.0,0.0
2024-04-02 00:00:00-04:00,412.8650995128624,415.0959720756304,410.6342569413904,414.17218017578125,17912000,0.0,0.0
2024-04-03 00:00:00-04:00,412.49169510873463,415.960818454912,411.86271762245,413.19927978515625,16502300,0.0,0.0
2024-04-04 00:00:00-04:00,417.6610183473852,421.27757937187624,410.3689933830631,410.67364501953125,19370900,0.0,0.0
2024-04-05 00:00:00-04:00,412.76686502075876,419.15477140454254,411.1060069616712,418.18182373046875,16554800,0.0,0.0
2024-04-08 00:00:00-04:00,417.8378673566601,419.91146556821536,416.00009070624833,417.2678527832031,14272400,0.0,0.0
2024-04-09 00:00:00-04:00,419.08592477391875,420.3634939121141,414.3490398303801,418.9286804199219,12496900,0.0,0.0
2024-04-10 00:00:00-04:00,414.90923013212864,416.7174952724338,412.4621804028437,415.9607849121094,16216600,0.0,0.0
2024-04-11 00:00:00-04:00,418.4766034449177,421.9653705491401,415.07625067131136,420.5502014160156,17966400,0.0,0.0
2024-04-12 00:00:00-04:00,416.7371538463039,417.84767154999884,412.5309645735886,414.6242370605469,19253800,0.0,0.0
2024-04-15 00:00:00-04:00,419.24317632918917,419.45938357073686,406.3002832613404,406.5066833496094,20273500,0.0,0.0
2024-04-16 00:00:00-04:00,407.4206432860486,411.18458077665684,406.59513289625886,407.4304504394531,16765600,0.0,0.0
2024-04-17 00:00:00-04:00,410.0544389834795,411.65633410094387,403.25376259314334,404.73773193359375,15855500,0.0,0.0
2024-04-18 00:00:00-04:00,403.54861503604855,404.78689570186344,396.98382006074763,397.29827880859375,21029900,0.0,0.0
2024-04-19 00:00:00-04:00,397.06245162548737,398.4874581931933,390.9103965002531,392.23712158203125,30565800,0.0,0.0
2024-04-22 00:00:00-04:00,393.18052011404563,395.9027700554988,388.9252051027742,394.04534912109375,20286900,0.0,0.0
2024-04-23 00:00:00-04:00,397.26879155025864,401.16052215978465,396.10914808184776,400.5413818359375,15734500,0.0,0.0
2024-04-24 00:00:00-04:00,402.49696200511164,405.35678142205853,399.76490548173297,402.0055847167969,15065300,0.0,0.0
2024-04-25 00:00:00-04:00,387.2348667133991,392.9938253486681,381.3383380037112,392.1584777832031,40586500,0.0,0.0
2024-04-26 00:00:00-04:00,405.06201771927783,405.8776909237546,398.7625564960581,399.3128967285156,29694700,0.0,0.0
2024-04-29 00:00:00-04:00,398.261343947103,399.31289867869236,392.3058528379069,395.3130798339844,19582100,0.0,0.0
2024-04-30 00:00:00-04:00,394.5662074998568,395.2246663994194,382.4586913890698,382.61590576171875,28781400,0.0,0.0
2024-05-01 00:00:00-04:00,385.8393757796091,394.7922882562086,383.57905157123434,388.12921142578125,23562500,0.0,0.0
2024-05-02 00:00:00-04:00,390.8022983361386,393.0331410549717,387.84419663220166,390.97918701171875,17709400,0.0,0.0
2024-05-03 00:00:00-04:00,395.3425632659736,400.1285739017596,394.9297930918896,399.64703369140625,17446700,0.0,0.0
2024-05-06 00:00:00-04:00,401.7109104679271,406.79173660630914,399.36211181463904,406.4084777832031,16996600,0.0,0.0
2024-05-07 00:00:00-04:00,407.5090851826696,407.5189223273103,402.0351340682459,402.28082275390625,20018200,0.0,0.0
2024-05-08 00:00:00-04:00,401.13105042212936,405.1210326153664,399.6962067828019,403.4601745605469,11792300,0.0,0.0
2024-05-09 00:00:00-04:00,403.48962134136315,405.60253803694064,402.04497067197207,405.2094421386719,14689700,0.0,0.0
2024-05-10 00:00:00-04:00,405.8187609135271,408.2166849740278,404.698406069441,407.58770751953125,13402300,0.0,0.0
2024-05-13 00:00:00-04:00,410.8012920746048,411.13542506578466,403.73528354862395,406.58526611328125,15440200,0.0,0.0
2024-05-14 00:00:00-04:00,404.91462752191757,410.29029755221785,404.45273155985166,409.3763427734375,15109300,0.0,0.0
2024-05-15 00:00:00-04:00,411.433999213995,417.2525598208021,410.81374213755174,416.5338439941406,22239500,0.75,0.0
2024-05-16 00:00:00-04:00,415.2736305334928,418.8376448328751,413.8460838814957,414.4761657714844,17530100,0.0,0.0
2024-05-17 00:00:00-04:00,416.00221762948183,416.37634285020215,411.56198942365705,413.708251953125,15352200,0.0,0.0
2024-05-20 00:00:00-04:00,413.7082502471213,420.1667475860199,413.49165301735496,418.7588806152344,16272100,0.0,0.0
2024-05-21 00:00:00-04:00,420.22581467067795,426.27082729608003,418.2764696581723,422.4016418457031,21453300,0.0,0.0
2024-05-22 00:00:00-04:00,423.4353640639669,425.719474725285,420.5211715226864,423.85870361328125,18073700,0.0,0.0
2024-05-23 00:00:00-04:00,426.2708180980622,426.89107515061806,418.83764844643395,420.3931884765625,17211700,0.0,0.0
2024-05-24 00:00:00-04:00,420.58025544710625,424.39037161476875,417.84327052223153,423.5043029785156,11855300,0.0,0.0
2024-05-28 00:00:00-04:00,422.98250841239616,424.1540984130066,419.99939161518114,423.6618347167969,15718000,0.0,0.0
2024-05-29 00:00:00-04:00,419.10343616970863,424.2722045863308,419.10343616970863,422.52960205078125,15517100,0.0,0.0
2024-05-30 00:00:00-04:00,417.7349716036768,417.7349716036768,407.8306281783295,408.2539978027344,28394500,0.0,0.0
2024-05-31 00:00:00-04:00,410.3017776619535,410.3017776619535,398.2511723788605,408.70684814453125,47995300,0.0,0.0
2024-06-03 00:00:00-04:00,409.1006748520027,409.9867435149057,402.5929630717942,407.12176513671875,17484700,0.0,0.0
2024-06-04 00:00:00-04:00,406.04859979558495,409.9965640062738,403.34114963612075,409.6322937011719,14348900,0.0,0.0
2024-06-05 00:00:00-04:00,411.3453811328119,417.5183569725432,409.8587351784671,417.449462890625,16988000,0.0,0.0
2024-06-06 00:00:00-04:00,417.44948005128595,418.7293536763162,414.0725281736093,417.9515686035156,14861300,0.0,0.0
2024-06-07 00:00:00-04:00,419.60560716420275,419.68435613947076,416.4551073364084,417.2919616699219,13621700,0.0,0.0
2024-06-10 00:00:00-04:00,418.1288206635897,421.45649821147657,417.3313558315188,421.249755859375,13982900,0.0,0.0
2024-06-11 00:00:00-04:00,418.89671156901073,426.1231387794062,418.67025946007556,425.98529052734375,14551100,0.0,0.0
2024-06-12 00:00:00-04:00,428.58444890305617,436.5394165910894,426.54647009815636,434.2356262207031,22366200,0.0,0.0
2024-06-13 00:00:00-04:00,434.0289338170149,436.52964196122593,432.57182236972,434.74761962890625,15960600,0.0,0.0
2024-06-14 00:00:00-04:00,431.49865916361745,436.2834778568933,429.96279885352675,435.7222900390625,13582000,0.0,0.0
2024-06-17 00:00:00-04:00,435.741958721063,443.9627681496181,433.9008973733048,441.4325256347656,20790000,0.0,0.0
2024-06-18 00:00:00-04:00,442.75181252074634,443.1751821409538,438.00641324566425,439.4339599609375,17112500,0.0,0.0
2024-06-20 00:00:00-04:00,439.3945864733692,439.62103860195157,434.442414629224,438.80389404296875,19877400,0.0,0.0
2024-06-21 00:00:00-04:00,440.45791031268766,443.6083802322018,439.60137620942794,442.8207702636719,34187100,0.0,0.0
2024-06-24 00:00:00-04:00,442.8404263927747,445.74479433203504,439.5028940256874,440.743408203125,15913700,0.0,0.0
2024-06-25 00:00:00-04:00,441.3144201727987,444.4353853435752,439.83762902888526,443.97265625,16413400,0.0,0.0
2024-06-26 00:00:00-04:00,442.05283004707155,446.58166237734525,441.2553652071883,445.1639404296875,16507000,0.0,0.0
2024-06-27 00:00:00-04:00,445.1836151073107,449.11190006347704,444.7799552473841,445.84326171875,14806300,0.0,0.0
2024-06-28 00:00:00-04:00,446.05981801420484,448.33407381119525,439.5028621939787,440.0345153808594,28362300,0.0,0.0
2024-07-01 00:00:00-04:00,441.71806471797646,450.2932899171113,438.7644825324962,449.6632080078125,17662800,0.0,0.0
2024-07-02 00:00:00-04:00,446.1878533998419,452.47896819642483,446.09921948918884,452.17376708984375,13979800,0.0,0.0
2024-07-03 00:00:00-04:00,451.1006488720151,453.8868484229565,450.79544775657115,453.6407165527344,9932800,0.0,0.0
2024-07-05 00:00:00-04:00,452.498587816865,461.1033770377166,451.8685059547019,460.3255920410156,16000300,0.0,0.0
2024-07-08 00:00:00-04:00,459.33120203742016,460.4634324742541,457.27354357582976,459.0260009765625,12962300,0.0,0.0
2024-07-09 00:00:00-04:00,459.77428381745585,460.09916463101644,450.91353744838284,452.4297180175781,17207200,0.0,0.0
2024-07-10 00:00:00-04:00,454.0837171765978,459.24263100795065,451.76021694759896,459.035888671875,18196100,0.0,0.0
2024-07-11 00:00:00-04:00,455.81649732303464,457.5886345893225,444.5633265323156,447.66461181640625,23111200,0.0,0.0
2024-07-12 00:00:00-04:00,447.3003093014831,449.29889867197954,443.67725577045155,446.5323791503906,16324300,0.0,0.0
2024-07-15 00:00:00-04:00,446.28624348851673,450.1849934949163,444.44518211930125,446.93603515625,14429400,0.0,0.0
2024-07-16 00:00:00-04:00,447.19201839056086,447.27076735934133,439.7489939570935,442.5647277832031,17175700,0.0,0.0
2024-07-17 00:00:00-04:00,435.74201993255645,437.96706168336215,432.38477757281146,436.6576232910156,21778000,0.0,0.0
2024-07-18 00:00:00-04:00,437.46494130393756,437.7701424222079,427.67873564964367,433.5563659667969,20794800,0.0,0.0
2024-07-19 00:00:00-04:00,426.39883667006126,434.3144456334854,425.31585048613374,430.3467712402344,20940400,0.0,0.0
2024-07-22 00:00:00-04:00,434.95437784378936,437.7208974938516,432.1189340633458,436.0865783691406,15808800,0.0,0.0
2024-07-23 00:00:00-04:00,437.0317279223722,441.4522765923751,436.24411798255437,437.967041015625,13107100,0.0,0.0
2024-07-24 00:00:00-04:00,433.6351347306288,434.6491968195245,420.9740958851319,422.2638244628906,26805800,0.0,0.0
2024-07-25 00:00:00-04:00,422.1653487650477,423.14987619224735,411.05005574464656,411.92626953125,29943800,0.0,0.0
2024-07-26 00:00:00-04:00,411.7293557750341,422.28349032231534,410.8137224917234,418.68994140625,23583800,0.0,0.0
2024-07-29 00:00:00-04:00,424.90231413559286,425.46350195400487,418.1287909882396,420.12738037109375,15125800,0.0,0.0
2024-07-30 00:00:00-04:00,421.10209315676275,422.4115014796213,410.90237288373,416.3763732910156,32687600,0.0,0.0
2024-07-31 00:00:00-04:00,413.9937725831716,415.2539664560443,405.8320320070505,411.8770446777344,42891400,0.0,0.0
2024-08-01 00:00:00-04:00,414.27933402476685,420.84611560670436,406.69846027697463,410.65625,30296400,0.0,0.0
2024-08-02 00:00:00-04:00,406.10769576372263,408.5788691410044,398.08380349930894,402.1695861816406,29437900,0.0,0.0
2024-08-05 00:00:00-04:00,383.1485258419234,394.8348607957488,379.61404618021845,389.0359802246094,40709200,0.0,0.0
2024-08-06 00:00:00-04:00,393.8109209877184,399.39320401269043,392.3341300340145,393.42694091796875,24946500,0.0,0.0
2024-08-07 00:00:00-04:00,402.31727423535324,403.73496598996115,391.3200904199489,392.2652282714844,20650900,0.0,0.0
2024-08-08 00:00:00-04:00,396.2131882314223,399.58025493530266,393.75186986205176,396.4593200683594,20203000,0.0,0.0
2024-08-09 00:00:00-04:00,397.77859311198716,401.73638233312255,396.03599047899144,399.73779296875,19276700,0.0,0.0
2024-08-12 00:00:00-04:00,400.76172633567404,402.43543495594565,397.98535182009545,400.5155944824219,16762900,0.0,0.0
2024-08-13 00:00:00-04:00,403.2525024227353,408.52958397155675,403.2328226945773,407.6041259765625,19414300,0.0,0.0
2024-08-14 00:00:00-04:00,408.38197108714223,411.2568044389076,406.0683556338293,410.41009521484375,18267000,0.0,0.0
2024-08-15 00:00:00-04:00,414.0495331175792,415.34158622213624,411.9388626649199,415.2626953125,20752100,0.75,0.0
2024-08-16 00:00:00-04:00,414.8386210132459,415.56847485047064,411.58380640221424,412.73779296875,22775600,0.0,0.0
2024-08-19 00:00:00-04:00,413.22105614207504,415.9728470077707,410.75530126947416,415.755859375,15234000,0.0,0.0
2024-08-20 00:00:00-04:00,415.92353667507666,420.0265262237166,415.86436096713305,418.9810485839844,16387600,0.0,0.0
2024-08-21 00:00:00-04:00,418.27090283610073,420.55913050260955,415.943244764668,418.3301086425781,16067300,0.0,0.0
2024-08-22 00:00:00-04:00,418.5470440541718,420.94378045645306,408.9306008917766,409.85772705078125,19361900,0.0,0.0
2024-08-23 00:00:00-04:00,411.2681797994915,413.51694694228206,406.4451490290269,411.0807800292969,18493800,0.0,0.0
2024-08-26 00:00:00-04:00,410.6665432369522,411.56408163461276,405.7054455704439,407.82598876953125,13152800,0.0,0.0
2024-08-27 00:00:00-04:00,407.2045864016282,408.6840392458711,404.6303529004273,408.1711730957031,13492900,0.0,0.0
2024-08-28 00:00:00-04:00,409.1969879073614,409.3153393341326,401.7306743732061,404.9756164550781,14882700,0.0,0.0
2024-08-29 00:00:00-04:00,409.2561363555491,416.26872882049446,404.975589475056,407.4610595703125,17045200,0.0,0.0
2024-08-30 00:00:00-04:00,409.9071119024553,411.7712070065085,406.48464280287084,411.426025390625,24308300,0.0,0.0
2024-09-03 00:00:00-04:00,412.18542969380115,414.1284456363182,401.45446023053216,403.8314514160156,20313600,0.0,0.0
2024-09-04 00:00:00-04:00,400.3498254636215,405.6068015782242,398.830912042889,403.2988586425781,15135800,0.0,0.0
2024-09-05 00:00:00-04:00,402.0363961545014,407.4413416778363,400.5668158804491,402.7958679199219,14195500,0.0,0.0
2024-09-06 00:00:00-04:00,403.4566777506577,405.0248942566708,395.30981392110493,396.197509765625,19609500,0.0,0.0
2024-09-09 00:00:00-04:00,401.6615826272171,403.0522719406784,396.6413094868822,400.16241455078125,15295100,0.0,0.0
2024-09-10 00:00:00-04:00,402.6084639940855,410.627073483588,402.11531302402886,408.5262756347656,19594300,0.0,0.0
2024-09-11 00:00:00-04:00,409.8084532189213,418.1821469994098,403.9695325309428,417.24517822265625,19266900,0.0,0.0
2024-09-12 00:00:00-04:00,417.51148327493246,421.51586685329676,414.00025068010603,421.15093994140625,17395700,0.0,0.0
2024-09-13 00:00:00-04:00,419.9969653323754,425.9147773030141,419.63203841011375,424.6917724609375,15874600,0.0,0.0
2024-09-16 00:00:00-04:00,424.7016342113202,427.5914917589124,422.3542307072933,425.4314880371094,13834700,0.0,0.0
2024-09-17 00:00:00-04:00,434.199669703098,435.79747386739723,426.34868538784633,429.1892395019531,18874200,0.0,0.0
2024-09-18 00:00:00-04:00,429.04132931995406,430.05721907964937,424.5142071811442,424.9087219238281,18898000,0.0,0.0
2024-09-19 00:00:00-04:00,435.1860014052933,435.452292084435,430.91529729082623,432.6807861328125,21706600,0.0,0.0
2024-09-20 00:00:00-04:00,431.2309485866615,433.22326773049826,428.2720426762547,429.3076477050781,55167100,0.0,0.0
2024-09-23 00:00:00-04:00,428.3312495978339,430.4813808255123,424.4945503062013,427.5718078613281,15128900,0.0,0.0
2024-09-24 00:00:00-04:00,427.0686909653906,427.41390262464773,420.26321438100086,423.2911682128906,17015800,0.0,0.0
2024-09-25 00:00:00-04:00,423.94215074360574,427.1870925626301,422.69943076362244,426.19091796875,13396400,0.0,0.0
2024-09-26 00:00:00-04:00,429.1301061037402,429.3372210826113,423.251754987828,425.4018859863281,14492000,0.0,0.0
2024-09-27 00:00:00-04:00,425.60903951360433,425.9345360380006,421.61452834728004,422.156982421875,14896100,0.0,0.0
2024-09-30 00:00:00-04:00,422.3443332995087,424.52408219664926,419.54323948144145,424.40570068359375,16807300,0.0,0.0
2024-10-01 00:00:00-04:00,422.58111197910216,422.61069983568314,413.0731460704372,414.9273986816406,19092900,0.0,0.0
2024-10-02 00:00:00-04:00,416.79143435299875,417.02816727140424,411.00184714518315,411.4161071777344,16582300,0.0,0.0
2024-10-03 00:00:00-04:00,411.90926344701154,413.8029462214933,408.61501874387466,410.8341979980469,13686400,0.0,0.0
2024-10-04 00:00:00-04:00,412.5109404707377,414.00026612845136,409.28574375388894,410.3608093261719,19169700,0.0,0.0
2024-10-07 00:00:00-04:00,410.30158600641573,411.3963666559109,403.3974727803463,403.9300842285156,20919800,0.0,0.0
2024-10-08 00:00:00-04:00,405.27145839926953,409.966265233936,402.57887338489604,409.0292663574219,19229300,0.0,0.0
2024-10-09 00:00:00-04:00,410.1635185105957,414.62162263212304,408.6248898614367,411.7416076660156,14974300,0.0,0.0
2024-10-10 00:00:00-04:00,409.5421386142519,411.63309377445904,407.49061385739407,410.1437683105469,13848400,0.0,0.0
2024-10-11 00:00:00-04:00,410.4397214022164,411.4161507329335,407.58929422530787,410.61724853515625,14144900,0.0,0.0
2024-10-14 00:00:00-04:00,412.0473312101826,418.2314633461143,411.80075573680847,413.3985900878906,16653100,0.0,0.0
2024-10-15 00:00:00-04:00,416.39697063938524,416.6928792987612,409.57177766327413,413.00408935546875,18900200,0.0,0.0
2024-10-16 00:00:00-04:00,409.4829531752425,410.65662468764714,404.85719508098555,410.419921875,15508900,0.0,0.0
2024-10-17 00:00:00-04:00,416.57447660649984,416.7125733271007,409.89722324961605,411.0117492675781,14820000,0.0,0.0
2024-10-18 00:00:00-04:00,411.4260201751563,413.90161766396704,410.5580696214905,412.4320373535156,17145300,0.0,0.0
2024-10-21 00:00:00-04:00,410.41992101582053,413.22101465794185,408.08239044719204,413.0434875488281,14206100,0.0,0.0
2024-10-22 00:00:00-04:00,412.75749822543423,424.68188532771023,412.3136804024992,421.6539611816406,25482200,0.0,0.0
2024-10-23 00:00:00-04:00,424.9580432083023,425.17503084101816,416.74216121867397,418.7838134765625,19654400,0.0,0.0
2024-10-24 00:00:00-04:00,419.5038054447286,420.1449258075998,416.61394788419994,418.91204833984375,13581600,0.0,0.0
2024-10-25 00:00:00-04:00,420.914242666979,426.5953216047658,420.72684288279277,422.2851867675781,16899100,0.0,0.0
2024-10-28 00:00:00-04:00,425.7470479380857,426.02321124416125,420.46045452237,420.7464904785156,14882400,0.0,0.0
2024-10-29 00:00:00-04:00,422.1372070838931,427.23640107681365,419.96733089551304,426.0331115722656,17644100,0.0,0.0
2024-10-30 00:00:00-04:00,431.4478786962363,432.4933562372157,426.18103048992214,426.6051330566406,29749100,0.0,0.0
2024-10-31 00:00:00-04:00,409.67040499598727,410.459464695632,400.734510831916,400.7838439941406,53971000,0.0,0.0
2024-11-01 00:00:00-04:00,403.4073925009318,409.80848287841667,401.9180668422498,404.7487487792969,24230400,0.0,0.0
2024-11-04 00:00:00-05:00,404.18650910637746,404.7980415718176,400.01447130701087,402.8648681640625,19672300,0.0,0.0
2024-11-05 00:00:00-05:00,402.7761220934701,409.21667261639857,402.49008610038965,405.82379150390625,17626000,0.0,0.0
2024-11-06 00:00:00-05:00,406.77069419877853,414.69069825173966,404.89669627254005,414.42437744140625,26681800,0.0,0.0
2024-11-07 00:00:00-05:00,415.5092398399127,421.0029483375747,414.12842327754487,419.6023864746094,19901800,0.0,0.0
2024-11-08 00:00:00-05:00,419.49390152577604,420.65773046119216,416.0023846199846,416.7519836425781,16891400,0.0,0.0
2024-11-11 00:00:00-05:00,416.7323203125478,418.9909603752076,410.3016419524007,412.28411865234375,24503300,0.0,0.0
2024-11-12 00:00:00-05:00,412.52079883366196,418.626010434167,411.48519380527927,417.2353210449219,19401200,0.0,0.0
2024-11-13 00:00:00-05:00,415.8643474786666,423.4489813965326,412.4813090867046,419.3755798339844,21502200,0.0,0.0
2024-11-14 00:00:00-05:00,419.17832483529844,422.30491523139983,414.24681513135374,421.0424499511719,30246900,0.0,0.0
2024-11-15 00:00:00-05:00,414.06929022111444,417.0084507566798,407.9739514183208,409.3153076171875,28247600,0.0,0.0
2024-11-18 00:00:00-05:00,409.18708769998454,412.6687324009395,406.4550421174999,410.0649108886719,24727000,0.0,0.0
2024-11-19 00:00:00-05:00,407.4511618868994,412.2150169012381,405.912533336808,412.06707763671875,18133500,0.0,0.0
2024-11-20 00:00:00-05:00,411.1596854793811,411.57394553855335,404.9558378403451,409.798583984375,19191700,0.0,0.0
2024-11-21 00:00:00-05:00,414.5818472703372,414.85856338751086,405.47983232208855,408.0295715332031,20780200,0.83,0.0
2024-11-22 00:00:00-05:00,406.5471154925831,412.5064188915794,406.2407523286384,412.1111145019531,24814600,0.0,0.0
2024-11-25 00:00:00-05:00,413.474991137145,416.1433187151558,409.9863774439722,413.88018798828125,27691100,0.0,0.0
2024-11-26 00:00:00-05:00,414.67080652096905,424.0100286609721,413.93949178519347,422.9723205566406,23458900,0.0,0.0
2024-11-27 00:00:00-05:00,420.12608556589345,422.22125646736464,417.07231569319254,418.03094482421875,18332400,0.0,0.0
2024-11-29 00:00:00-05:00,415.16493646523105,419.8987878079345,412.90177557031507,418.49542236328125,16271900,0.0,0.0
2024-12-02 00:00:00-05:00,416.62759418862754,427.92358362660957,416.37063273208213,425.9272766113281,20207200,0.0,0.0
2024-12-03 00:00:00-05:00,424.80061260374794,427.3997836787713,422.72522667678595,426.1446838378906,18302000,0.0,0.0
2024-12-04 00:00:00-05:00,427.95320145991604,434.5153692878957,427.5578970490266,432.291748046875,26009400,0.0,0.0
2024-12-05 00:00:00-05:00,432.7859365018672,439.4469085884485,431.0564531129943,437.4308166503906,21697800,0.0,0.0
2024-12-06 00:00:00-05:00,437.1145598403157,440.87002757046025,436.5907746503493,438.36968994140625,18821000,0.0,0.0
2024-12-09 00:00:00-05:00,437.41103647885797,443.0738395996816,435.33565050126293,440.7909240722656,19144400,0.0,0.0
2024-12-10 00:00:00-05:00,439.1800773312265,444.3487425824553,436.42277827381423,438.1324768066406,18469500,0.0,0.0
2024-12-11 00:00:00-05:00,438.84401807874156,445.0701760009867,438.84401807874156,443.7261047363281,19200200,0.0,0.0
2024-12-12 00:00:00-05:00,443.8446618873549,450.81202644259827,443.8446618873549,444.2893981933594,20834800,0.0,0.0
2024-12-13 00:00:00-05:00,443.1825414368637,446.13747735633456,440.3560560775405,442.0262451171875,20177800,0.0,0.0
2024-12-16 00:00:00-05:00,442.02626356510217,446.8787030896928,440.0596036741231,446.2956237792969,23598800,0.0,0.0
2024-12-17 00:00:00-05:00,445.72242348242105,449.95224407864544,444.2993034538041,449.1319580078125,22733500,0.0,0.0
2024-12-18 00:00:00-05:00,446.0287948744165,447.34318887069384,431.89642797238076,432.2621154785156,24444500,0.0,0.0
2024-12-19 00:00:00-05:00,436.4425256398133,437.98423408144293,431.2046739034814,431.9063415527344,22963700,0.0,0.0
2024-12-20 00:00:00-05:00,428.0323101896431,438.53769150433186,423.60485191230276,431.4814147949219,64263700,0.0,0.0
2024-12-23 00:00:00-05:00,431.61970806424813,432.51904296318025,427.7555447705133,430.1471862792969,19152500,0.0,0.0
2024-12-24 00:00:00-05:00,429.55422661934296,434.44620567192754,429.0996280307953,434.1793518066406,7164500,0.0,0.0
2024-12-26 00:00:00-05:00,433.9322924323696,435.7705018127553,431.5110338839644,432.9736633300781,8194200,0.0,0.0
2024-12-27 00:00:00-05:00,429.5048352492743,430.117561657289,421.351556737901,425.4825439453125,18117700,0.0,0.0
2024-12-30 00:00:00-05:00,421.0649558192297,422.5374777077036,416.9537232035626,419.849365234375,13158700,0.0,0.0
2024-12-31 00:00:00-05:00,421.1044562623139,421.727075036825,415.72823181420273,416.5583801269531,13246500,0.0,0.0
2025-01-02 00:00:00-05:00,420.54120060792326,421.0748782392805,409.98641726658155,413.67266845703125,16896500,0.0,0.0
2025-01-03 00:00:00-05:00,416.1433429164244,419.05876986765884,414.62141923267626,418.3867492675781,16662900,0.0,0.0
2025-01-06 00:00:00-05:00,422.98218924692804,429.2281017096726,420.4917442238413,422.8339538574219,20573600,0.0,0.0
2025-01-07 00:00:00-05:00,423.9704579117962,425.6011074871905,415.8665816173968,417.4181823730469,18139100,0.0,0.0
2025-01-08 00:00:00-05:00,418.4954097350683,421.9642686702226,416.5979364179098,419.58251953125,15054600,0.0,0.0
2025-01-10 00:00:00-05:00,419.65166984768115,419.7307186624862,410.1543211903234,414.03826904296875,20201100,0.0,0.0
2025-01-13 00:00:00-05:00,410.3717691669062,413.5935589908242,407.456372689251,412.2989196777344,17604800,0.0,0.0
2025-01-14 00:00:00-05:00,412.9116481684101,414.8190138642203,405.90477401390683,410.7967529296875,16935900,0.0,0.0
2025-01-15 00:00:00-05:00,414.21622605843163,423.13046690209615,413.3662928073742,421.3120422363281,19637800,0.0,0.0
2025-01-16 00:00:00-05:00,423.67398737859014,424.45470380326,419.4145196873236,419.6022644042969,15300000,0.0,0.0
2025-01-17 00:00:00-05:00,429.0007970548674,429.386239236107,423.1502190446997,424.0001220703125,26197500,0.0,0.0
2025-01-21 00:00:00-05:00,425.1563998310193,425.8481750206776,420.61032363697626,423.476318359375,26085700,0.0,0.0
2025-01-22 00:00:00-05:00,432.430120920086,442.0262741390286,430.888412499157,440.9688415527344,27803800,0.0,0.0
2025-01-23 00:00:00-05:00,436.81806704057095,441.5123788470024,436.3239289556834,441.47283935546875,18389300,0.0,0.0
2025-01-24 00:00:00-05:00,439.94102216929423,441.4135440071518,436.225094129831,438.8539123535156,15549500,0.0,0.0
2025-01-27 00:00:00-05:00,419.03899970511213,430.09781275609777,418.53496919379126,429.4653015136719,35647800,0.0,0.0
2025-01-28 00:00:00-05:00,429.50483681704293,443.1232814648123,426.3225862891417,441.9571228027344,23491700,0.0,0.0
2025-01-29 00:00:00-05:00,441.45306462654537,441.6408395030523,435.23679935643304,437.1441650390625,23581400,0.0,0.0
2025-01-30 00:00:00-05:00,413.86040812362955,417.90245411076046,408.3161931892364,410.1247253417969,54586300,0.0,0.0
2025-01-31 00:00:00-05:00,414.06796458574274,415.7579084081136,410.0456732964256,410.19390869140625,34161900,0.0,0.0
2025-02-03 00:00:00-05:00,406.77449861931177,410.5398286087579,403.8689641166184,406.10247802734375,25679100,0.0,0.0
2025-02-04 00:00:00-05:00,407.8516865143663,409.0672770356713,404.9362598096777,407.5354309082031,20532100,0.0,0.0
2025-02-05 00:00:00-05:00,407.515689607161,408.97831905399164,405.5885389886856,408.4446716308594,16316700,0.0,0.0
2025-02-06 00:00:00-05:00,409.14633744300244,413.2971094519946,409.14633744300244,410.94500732421875,16309800,0.0,0.0
2025-02-07 00:00:00-05:00,411.5972455590395,413.74178783038474,403.3154869234488,404.9461364746094,22886800,0.0,0.0
2025-02-10 00:00:00-05:00,408.85969825647294,410.58918143726896,406.10242964328353,407.3871765136719,20817900,0.0,0.0
2025-02-11 00:00:00-05:00,404.8374480391833,407.6540108795472,404.50140761463905,406.6163330078125,18140600,0.0,0.0
2025-02-12 00:00:00-05:00,402.435914112503,405.93442005448907,399.6292135248499,404.2444763183594,19121700,0.0,0.0
2025-02-13 00:00:00-05:00,402.2283921851393,406.1814967766394,401.5958809737979,405.7268981933594,23891700,0.0,0.0
2025-02-14 00:00:00-05:00,403.0091510093491,404.1160155029715,401.1215398904841,403.6416320800781,22758500,0.0,0.0
2025-02-18 00:00:00-05:00,403.2166455935164,405.78616946504144,401.7342314553049,404.8374328613281,21423100,0.0,0.0
2025-02-19 00:00:00-05:00,403.09808061190597,410.61884763156144,402.8707662400353,409.90728759765625,24114200,0.0,0.0
2025-02-20 00:00:00-05:00,411.24414537664296,415.2249706128277,408.520936591177,412.0759582519531,23508700,0.83,0.0
2025-02-21 00:00:00-05:00,413.27418223243296,413.97725680128366,403.91626425407014,404.2331237792969,27524800,0.0,0.0
2025-02-24 00:00:00-05:00,404.5302202614153,405.38182745676596,395.429748735741,400.06414794921875,26443700,0.0,0.0
2025-02-25 00:00:00-05:00,397.1923965138258,398.00441513588805,392.8352683816966,394.0235595703125,29387400,0.0,0.0
2025-02-26 00:00:00-05:00,394.13250979931917,399.66804717869115,390.40913086553707,395.83575439453125,19619000,0.0,0.0
2025-02-27 00:00:00-05:00,397.3607146060961,401.78716793671936,388.3493932994261,388.70587158203125,21127400,0.0,0.0
2025-02-28 00:00:00-05:00,388.83463352266693,393.7562160246685,382.8039671137811,393.1224365234375,32845700,0.0,0.0
2025-03-03 00:00:00-05:00,394.93464171120144,394.93464171120144,382.39797374435835,384.70526123046875,23007700,0.0,0.0
2025-03-04 00:00:00-05:00,379.66483152587324,388.755390806373,377.2882188683939,384.8240661621094,29342900,0.0,0.0
2025-03-05 00:00:00-05:00,385.54695570418704,397.7568509049982,385.02212029604283,397.1131591796875,23433100,0.0,0.0
2025-03-06 00:00:00-05:00,390.43881857931865,398.2321421191711,388.8544001591339,393.0234069824219,23304600,0.0,0.0
2025-03-07 00:00:00-05:00,388.497925986767,390.9537458547577,381.7839796807534,389.478271484375,22034100,0.0,0.0
2025-03-10 00:00:00-04:00,382.08104715568106,382.6355890788174,373.5450301742595,376.4563903808594,32840100,0.0,0.0
2025-03-11 00:00:00-04:00,375.30770541349494,382.23950999896846,373.2380702422645,376.74359130859375,30380200,0.0,0.0
2025-03-12 00:00:00-04:00,379.2192427611773,381.46711712441265,375.25821149680263,379.5361022949219,24253600,0.0,0.0
2025-03-13 00:00:00-04:00,379.4272025345451,381.5661631231906,373.7728386562969,375.0799560546875,20473000,0.0,0.0
2025-03-14 00:00:00-04:00,376.08007458561946,386.42827981726157,375.8127158813028,384.7745361328125,19952800,0.0,0.0
2025-03-17 00:00:00-04:00,382.9326924641042,388.88412112316473,381.813696346666,384.9132080078125,22474300,0.0,0.0
2025-03-18 00:00:00-04:00,383.29909421372145,383.59615946585757,377.38725393405446,379.7836608886719,19486900,0.0,0.0
2025-03-19 00:00:00-04:00,381.7740797920575,385.8836435250732,380.2589866011294,384.0417785644531,19185500,0.0,0.0
2025-03-20 00:00:00-04:00,381.98202996781214,387.97310772514027,379.5460042678497,383.0713195800781,18470500,0.0,0.0
2025-03-21 00:00:00-04:00,379.4865916093534,387.92357710345186,379.07067004050685,387.4482727050781,39675900,0.0,0.0
2025-03-24 00:00:00-04:00,391.54792412450786,391.54792412450786,386.012386704804,389.2505187988281,21004500,0.0,0.0
2025-03-25 00:00:00-04:00,390.082331804945,392.49853282327706,388.8148031404558,391.31024169921875,15775000,0.0,0.0
2025-03-26 00:00:00-04:00,391.15183295239507,391.45881045430576,384.7844825194778,386.17083740234375,16108400,0.0,0.0
2025-03-27 00:00:00-04:00,386.3292739557081,388.41870337339975,383.62585932715103,386.7748718261719,13766800,0.0,0.0
2025-03-28 00:00:00-04:00,384.2992410074857,385.339029849346,373.2578723723651,375.1096496582031,21632000,0.0,0.0
2025-03-31 00:00:00-04:00,368.91063894364476,373.3965054432232,363.6622546184452,371.7328796386719,35184700,0.0,0.0
2025-04-01 00:00:00-04:00,371.0000917512926,379.12021808448793,369.59394254927554,378.4666442871094,19689500,0.0,0.0
2025-04-02 00:00:00-04:00,374.2877261088344,381.32844426453147,372.95087209109226,378.4171142578125,16092600,0.0,0.0
2025-04-03 00:00:00-04:00,371.13872318254886,373.80251903809335,365.7517184220645,369.4750671386719,30198000,0.0,0.0
2025-04-04 00:00:00-04:00,360.5825648601157,370.94065262193254,355.97787229621173,356.3343505859375,49209900,0.0,0.0
2025-04-07 00:00:00-04:00,347.4616469003483,367.3856281525139,341.43098078163547,354.3736267089844,50425000,0.0,0.0
2025-04-08 00:00:00-04:00,364.6723484414274,370.00982228854286,346.8377957272636,351.1058044433594,35868900,0.0,0.0
2025-04-09 00:00:00-04:00,350.0957251156184,389.39905670107095,349.66000929830324,386.68572998046875,50199700,0.0,0.0
2025-04-10 00:00:00-04:00,378.3379012524662,380.15997201946135,364.21681503291546,377.63482666015625,38024400,0.0,0.0
2025-04-11 00:00:00-04:00,376.93173851590154,386.25003769690613,375.1987873888056,384.6656494140625,23839200,0.0,0.0
2025-04-14 00:00:00-04:00,389.38915847164185,390.8052198187617,380.46692636349223,384.0318603515625,19251200,0.0,0.0
2025-04-15 00:00:00-04:00,384.7250528209778,388.07212889209285,380.41742551182244,381.9721374511719,17199900,0.0,0.0
2025-04-16 00:00:00-04:00,376.9614484928254,377.892263018399,364.4148689208335,367.98968505859375,21967800,0.0,0.0
2025-04-17 00:00:00-04:00,370.1087998795162,370.673253997748,363.3156468476557,364.19696044921875,21120200,0.0,0.0
2025-04-21 00:00:00-04:00,359.2853342749941,360.9291658129438,352.20499720618693,355.6213684082031,20807300,0.0,0.0
2025-04-22 00:00:00-04:00,359.83987920585236,364.18709517298703,356.3541524572501,363.2463684082031,19485000,0.0,0.0
2025-04-23 00:00:00-04:00,372.396358924379,376.6841922722663,369.38596664501534,370.7426452636719,20545500,0.0,0.0
2025-04-24 00:00:00-04:00,372.0398293104223,384.6656149627633,371.53478821384334,383.52679443359375,22232300,0.0,0.0
2025-04-25 00:00:00-04:00,383.2297752805051,388.33950924401097,380.8531625631297,388.03253173828125,18973200,0.0,0.0
2025-04-28 00:00:00-04:00,388.1414067328739,388.9138065441973,382.87325863987553,387.3492126464844,16579400,0.0,0.0
2025-04-29 00:00:00-04:00,387.48784509297593,391.2508426713115,386.5768248872523,390.201171875,14974000,0.0,0.0
2025-04-30 00:00:00-04:00,386.49757125114587,392.79562598704683,380.69467558939255,391.4092712402344,36461100,0.0,0.0
2025-05-01 00:00:00-04:00,426.91004003637113,432.7327609318022,420.7605473528486,421.25567626953125,58938100,0.0,0.0
2025-05-02 00:00:00-04:00,427.533877248033,435.1588741169636,425.80092616148227,431.0393981933594,30757400,0.0,0.0
2025-05-05 00:00:00-04:00,428.652877068793,435.2182909345157,427.9002714913439,431.9207458496094,20136100,0.0,0.0
2025-05-06 00:00:00-04:00,427.9894209087166,433.46554517602334,426.9694566129341,429.0885925292969,15104200,0.0,0.0
2025-05-07 00:00:00-04:00,429.6134515274466,433.8517538131467,426.9100367836598,429.12823486328125,23295300,0.0,0.0
2025-05-08 00:00:00-04:00,433.6635322101029,439.3476317599919,431.4156581886589,433.9012145996094,23491300,0.0,0.0
2025-05-09 00:00:00-04:00,435.7134270593174,436.4462081525218,431.63356980482325,434.455810546875,15324200,0.0,0.0
2025-05-12 00:00:00-04:00,441.59557651706575,444.99215360101994,435.495584693897,444.88323974609375,22821900,0.0,0.0
2025-05-13 00:00:00-04:00,443.41763796979524,446.2794975271711,441.021200788799,444.764404296875,23618800,0.0,0.0
2025-05-14 00:00:00-04:00,443.7741186799948,449.4779827199474,443.7741186799948,448.52734375,19902800,0.0,0.0
2025-05-15 00:00:00-04:00,447.1979616790238,452.57502540604634,446.860659567107,449.5392761230469,21992300,0.83,0.0
2025-05-16 00:00:00-04:00,448.4678177382938,450.7595102326154,445.17414935289,450.67022705078125,23849800,0.0,0.0
2025-05-19 00:00:00-04:00,447.3070896149787,455.9480603525366,447.2277066057748,455.2337646484375,21336500,0.0,0.0
2025-05-20 00:00:00-04:00,451.9797952414424,454.7080036018212,450.719869916101,454.53936767578125,15441800,0.0,0.0
2025-05-21 00:00:00-04:00,450.967885651573,454.1524403651085,448.22974686474834,448.9837341308594,19216900,0.0,0.0
2025-05-22 00:00:00-04:00,451.3448676580097,456.6028569421555,450.30316997101943,451.25555419921875,18025600,0.0,0.0
2025-05-23 00:00:00-04:00,446.4142434023006,450.0948358464348,445.3527151156796,446.6126403808594,16883500,0.0,0.0
2025-05-27 00:00:00-04:00,452.86273735527834,457.29731705224054,452.5055743512772,457.03936767578125,20974300,0.0,0.0
2025-05-28 00:00:00-04:00,457.56517641086623,458.8548627693229,453.3091629867606,453.7357482910156,17086300,0.0,0.0
2025-05-29 00:00:00-04:00,457.89257129241645,458.0612374989779,451.702028016876,455.0453186035156,13974800,0.0,0.0
2025-05-30 00:00:00-04:00,456.07706236471586,458.0215223462663,451.9301930198663,456.71197509765625,34770500,0.0,0.0
2025-06-02 00:00:00-04:00,453.51752207653715,458.44810948050275,453.2695031394806,458.3092346191406,16626500,0.0,0.0
2025-06-03 00:00:00-04:00,457.8131864599202,460.4620419695056,457.20800452370844,459.3013000488281,15743800,0.0,0.0
2025-06-04 00:00:00-04:00,460.3231275179124,461.9997378828715,459.35088242690273,460.19415283203125,14162700,0.0,0.0
2025-06-05 00:00:00-04:00,461.2755213187348,465.92835889810493,460.35289815926444,463.9739685058594,20131700,0.0,0.0
2025-06-06 00:00:00-04:00,466.3648774509946,469.58912358157227,465.0652606634985,466.652587890625,15285600,0.0,0.0
2025-06-09 00:00:00-04:00,465.9779957450024,469.67841894667356,464.90653697170796,469.0038146972656,16469900,0.0,0.0
2025-06-10 00:00:00-04:00,467.45617352695865,469.0534009468453,463.25968221899245,467.1883239746094,15375900,0.0,0.0
2025-06-11 00:00:00-04:00,466.29541399515057,471.7022387212418,465.93828127215454,468.87481689453125,16399200,0.0,0.0
2025-06-12 00:00:00-04:00,471.2557893550323,476.6130223697302,469.7676758011157,475.0752868652344,18950600,0.0,0.0
2025-06-13 00:00:00-04:00,472.63478039747713,475.38281914376,469.0137102048777,471.1962585449219,16814500,0.0,0.0
2025-06-16 00:00:00-04:00,471.44431988386987,476.88090602233666,471.2359924486289,475.34320068359375,15626100,0.0,0.0
2025-06-17 00:00:00-04:00,471.63282797025073,474.94635750006523,470.3232806516652,474.2519226074219,15414100,0.0,0.0
2025-06-18 00:00:00-04:00,474.21220825159133,477.1884355000323,470.70025162122124,476.4344482421875,17526500,0.0,0.0
2025-06-20 00:00:00-04:00,478.4086860483398,479.62891980922967,473.09114443804276,473.616943359375,37576200,0.0,0.0
2025-06-23 00:00:00-04:00,474.42052531416374,483.884936234588,468.76571183115124,482.1488037109375,24864000,0.0,0.0
2025-06-24 00:00:00-04:00,485.075445589935,487.952459183197,482.9424585265478,486.2262268066406,22305600,0.0,0.0
2025-06-25 00:00:00-04:00,488.14098256866794,490.64100267238626,485.5119877675007,488.369140625,17495100,0.0,0.0
2025-06-26 00:00:00-04:00,489.0735074056833,494.09340820956044,488.9048412091741,493.5080871582031,21578900,0.0,0.0
2025-06-27 00:00:00-04:00,493.60726767719865,495.3434002058453,489.12309627390664,492.0100402832031,34539200,0.0,0.0
2025-06-30 00:00:00-04:00,493.1013206195562,496.79184348109624,491.404849352638,493.4683837890625,28369000,0.0,0.0
2025-07-01 00:00:00-04:00,492.5358056229024,494.1032718491211,487.0893199212463,488.15081787109375,19945400,0.0,0.0
2025-07-02 00:00:00-04:00,486.107196925814,489.5893925672679,484.82744098086494,487.198486328125,16319600,0.0,0.0
2025-07-03 00:00:00-04:00,489.89694493303733,496.16687121115365,489.52988173373706,494.8870849609375,13984800,0.0,0.0
2025-07-07 00:00:00-04:00,493.4386378219278,494.7977767455099,491.3056810299541,493.77593994140625,13981600,0.0,0.0
2025-07-08 00:00:00-04:00,493.2997134401056,494.25212791462184,490.1945116420166,492.68463134765625,11846600,0.0,0.0
2025-07-09 00:00:00-04:00,496.33549554664154,502.76415743455226,495.77993553758444,499.52008056640625,18659500,0.0,0.0
2025-07-10 00:00:00-04:00,499.06366987607214,500.4426696344743,493.8056807647675,497.5061340332031,16492100,0.0,0.0
2025-07-11 00:00:00-04:00,494.5200000462786,501.0280145407016,493.85529597280816,499.3315734863281,16459500,0.0,0.0
2025-07-14 00:00:00-04:00,497.5458219138798,499.9764196247383,497.0597144820079,499.033935546875,12058800,0.0,0.0
2025-07-15 00:00:00-04:00,499.03393728805895,504.2720960834484,498.80577924001653,501.811767578125,14927200,0.0,0.0
2025-07-16 00:00:00-04:00,501.17685701853543,502.7046622632316,497.91294935926595,501.6133728027344,15154400,0.0,0.0
2025-07-17 00:00:00-04:00,501.67285674255714,509.3019216630888,501.61333461976557,507.6451721191406,17503100,0.0,0.0
2025-07-18 00:00:00-04:00,510.4030974050004,510.5618634291492,503.40897568442307,506.0082092285156,21209700,0.0,0.0
2025-07-21 00:00:00-04:00,502.69469811942383,508.03210080948105,501.54388660874696,506.0181579589844,14066800,0.0,0.0
2025-07-22 00:00:00-04:00,506.92092641726225,507.1491147296819,501.2660827636719,501.2660827636719,13868600,0.0,0.0
2025-07-23 00:00:00-04:00,502.7343595827018,502.77405108780124,496.7323137246232,501.861328125,16396600,0.0,0.0
2025-07-24 00:00:00-04:00,504.73836945889843,509.59953458867506,503.28001689239056,506.8316650390625,16107000,0.0,0.0
2025-07-25 00:00:00-04:00,508.409026924469,514.1829150146133,506.3157616392057,509.6392517089844,19125700,0.0,0.0
2025-07-28 00:00:00-04:00,510.0062782539609,510.91897091749235,506.07763679555273,508.43878173828125,14308000,0.0,0.0
2025-07-29 00:00:00-04:00,511.4448055642593,513.5182098314434,507.50623361872493,508.50823974609375,16469200,0.0,0.0
2025-07-30 00:00:00-04:00,511.08764202727673,511.86149016920456,505.4030674134904,509.1729431152344,26380400,0.0,0.0
2025-07-31 00:00:00-04:00,550.8301860551579,551.0484742016899,527.6851029610986,529.2723999023438,51617300,0.0,0.0
2025-08-01 00:00:00-04:00,530.7605061500977,531.5541546097426,516.7325410439772,519.956787109375,28977600,0.0,0.0
2025-08-04 00:00:00-04:00,524.0837934579807,533.9846885103634,523.944888342453,531.3953857421875,25349000,0.0,0.0
2025-08-05 00:00:00-04:00,532.9232605080902,533.0423047576313,523.0620248277625,523.5679931640625,19171600,0.0,0.0
2025-08-06 00:00:00-04:00,526.6930670104376,527.486715540996,519.8775111011839,520.7802734375,21355700,0.0,0.0
2025-08-07 00:00:00-04:00,522.6254396329194,523.9052559727172,513.4487398823029,516.7127075195312,16079100,0.0,0.0
2025-08-08 00:00:00-04:00,518.4588193359411,520.5024931820143,515.2940949258492,517.9032592773438,15531000,0.0,0.0
2025-08-11 00:00:00-04:00,518.1611446296885,523.4092640243366,515.6015722772428,517.6353759765625,20194400,0.0,0.0
2025-08-12 00:00:00-04:00,519.5996565820958,526.7723446368122,518.5579891899393,525.046142578125,18667000,0.0,0.0
2025-08-13 00:00:00-04:00,527.8933740196283,528.478725311786,515.2543395813665,516.4547729492188,19619200,0.0,0.0
2025-08-14 00:00:00-04:00,518.4190436500928,521.7821945996749,516.0182375574066,518.3396606445312,20269100,0.0,0.0
2025-08-15 00:00:00-04:00,518.6274679925785,521.9310366989816,514.9667059909838,516.0480346679688,25213300,0.0,0.0
2025-08-18 00:00:00-04:00,517.4568516493948,518.6770855269226,509.94683045407294,513.0023803710938,23760600,0.0,0.0
2025-08-19 00:00:00-04:00,510.9189744125155,511.0776798784135,504.5200741760794,505.73040771484375,21481000,0.0,0.0
2025-08-20 00:00:00-04:00,505.8296325155463,506.9506829011106,500.44266872858867,501.7125244140625,27723000,0.0,0.0
2025-08-21 00:00:00-04:00,500.5200628741361,504.435269171935,499.5561662916726,501.06658935546875,18443300,0.83,0.0
2025-08-22 00:00:00-04:00,501.0765850227361,507.5158151187978,499.2481684011306,504.037841796875,24324200,0.0,0.0
2025-08-25 00:00:00-04:00,503.44159720621536,504.9917771303553,500.9473838488724,501.0865173339844,21638600,0.0,0.0
2025-08-26 00:00:00-04:00,501.1858695359189,501.801993130018,495.3727099158942,498.8804931640625,30835700,0.0,0.0
2025-08-27 00:00:00-04:00,498.8407132226862,504.09742962807053,496.7539232974875,503.5508728027344,17277900,0.0,0.0
2025-08-28 00:00:00-04:00,503.89867767213724,507.87350408410515,502.3186878124423,506.4326477050781,18015600,0.0,0.0
2025-08-29 00:00:00-04:00,505.4588240002719,506.39291066950057,501.3150539612025,503.501220703125,20961600,0.0,0.0
2025-09-02 00:00:00-04:00,497.32034095368414,502.81553721257154,493.68337117589067,501.9410705566406,18128000,0.0,0.0
2025-09-03 00:00:00-04:00,500.6194673133705,504.5942937991858,499.1587173668126,502.1696472167969,16345100,0.0,0.0
2025-09-04 00:00:00-04:00,501.1262461318779,504.95202275876863,499.983489561643,504.7731628417969,15509500,0.0,0.0
2025-09-05 00:00:00-04:00,505.86625611105876,508.7479993566889,489.27134277765646,491.8847961425781,31994800,0.0,0.0
2025-09-08 00:00:00-04:00,494.97517595073856,498.04575600626316,491.91457299081776,495.06463623046875,16771000,0.0,0.0
2025-09-09 00:00:00-04:00,498.27432917901325,499.08917592804124,494.5678227014102,495.2733459472656,14410500,0.0,0.0
2025-09-10 00:00:00-04:00,499.81456783685906,500.06299449245154,493.5939546766565,497.2209777832031,21611800,0.0,0.0
2025-09-11 00:00:00-04:00,499.08915061774627,500.00337405269875,494.7466575341409,497.8569641113281,18881600,0.0,0.0
2025-09-12 00:00:00-04:00,503.4614629424367,509.32432605160386,500.67909648146514,506.6910095214844,23624900,0.0,0.0
2025-09-15 00:00:00-04:00,505.58800862213144,512.2259313574772,503.80926524972944,512.1166381835938,17143800,0.0,0.0
2025-09-16 00:00:00-04:00,513.6270820344445,513.9748550906477,505.3991924428879,505.83642578125,19711900,0.0,0.0
2025-09-17 00:00:00-04:00,507.4064717390096,508.07226852063866,502.74598524416496,506.81024169921875,15816600,0.0,0.0
2025-09-18 00:00:00-04:00,508.270998935228,509.84107240669834,504.4651158521554,505.2501525878906,18913700,0.0,0.0
2025-09-19 00:00:00-04:00,507.34679796260957,516.0317832353262,507.09837133283605,514.67041015625,52474100,0.0,0.0
2025-09-22 00:00:00-04:00,512.3451813197225,514.4816139887456,509.31432785382,511.21234130859375,20009300,0.0,0.0
2025-09-23 00:00:00-04:00,510.5664850795932,511.35155218118825,504.1173383670773,506.0252685546875,19799600,0.0,0.0
2025-09-24 00:00:00-04:00,507.16798604562155,509.2547456727144,503.72976965544393,506.9394226074219,13533700,0.0,0.0
2025-09-25 00:00:00-04:00,505.10107733704126,506.8003375404676,501.8616142840625,503.8390808105469,15786500,0.0,0.0
2025-09-26 00:00:00-04:00,506.849997214163,510.70558375978015,503.4316440082871,508.2411804199219,16213100,0.0,0.0
2025-09-29 00:00:00-04:00,508.28092297827857,513.5972289973041,505.67741655332713,511.36138916015625,17617800,0.0,0.0
2025-09-30 00:00:00-04:00,510.0099885223437,514.8990082310244,506.45253207823936,514.6903686523438,19728200,0.0,0.0
2025-10-01 00:00:00-04:00,511.5601971915601,517.2342842847302,508.4697839098333,516.4393310546875,22632300,0.0,0.0
2025-10-02 00:00:00-04:00,514.3823296081488,518.3173691617891,507.4661094259624,512.4942626953125,21222900,0.0,0.0
2025-10-03 00:00:00-04:00,513.8456285403139,517.2143082734997,511.75886906280147,514.0940551757812,15112300,0.0,0.0
2025-10-06 00:00:00-04:00,515.3461902238155,527.6880704621805,514.9387971845453,525.2435302734375,21388600,0.0,0.0
2025-10-07 00:00:00-04:00,524.9652461341774,526.4657528279373,518.1583800775612,520.682373046875,14615200,0.0,0.0
2025-10-08 00:00:00-04:00,519.9868090400763,523.6336952116123,519.7980023635643,521.546875,13363400,0.0,0.0
2025-10-09 00:00:00-04:00,519.0527457511332,521.0302122328587,514.1438325922749,519.1123657226562,18343600,0.0,0.0
2025-10-10 00:00:00-04:00,516.3697201998212,520.2849266906686,506.42270727517143,507.74432373046875,24133800,0.0,0.0
2025-10-13 00:00:00-04:00,513.1600134586593,513.1600134586593,508.45980051307464,510.81488037109375,14284200,0.0,0.0
2025-10-14 00:00:00-04:00,507.0189143190136,512.0371506947121,502.815524609146,510.337890625,14684300,0.0,0.0
2025-10-15 00:00:00-04:00,511.71916116293283,513.935107423202,506.7903547024341,510.1987609863281,14694700,0.0,0.0
2025-10-16 00:00:00-04:00,509.3541552294708,513.597241245564,504.93214864922606,508.3902282714844,15559600,0.0,0.0
2025-10-17 00:00:00-04:00,505.8364635131052,512.2359067167633,504.1173400169688,510.347900390625,19867800,0.0,0.0
2025-10-20 00:00:00-04:00,511.37132460679527,515.4356111738924,510.19875812962454,513.53759765625,14665600,0.0,0.0
2025-10-21 00:00:00-04:00,514.2431942660954,515.4257076122852,509.81124074780416,514.4021606445312,15586200,0.0,0.0
2025-10-22 00:00:00-04:00,517.8702452376143,521.9245247034462,514.4518919333965,517.2640380859375,18962700,0.0,0.0
2025-10-23 00:00:00-04:00,519.1720024577996,520.6526156742948,515.3461954332505,517.283935546875,14023500,0.0,0.0
2025-10-24 00:00:00-04:00,519.499850577073,522.0437370421222,517.4329845218087,520.314697265625,15532400,0.0,0.0
2025-10-27 00:00:00-04:00,528.4333612309177,531.2157277722118,525.6807743511338,528.1749877929688,18734700,0.0,0.0
2025-10-28 00:00:00-04:00,546.5386557673307,550.2352153811122,537.366762825241,538.6585693359375,29986700,0.0,0.0
2025-10-29 00:00:00-04:00,541.510525937623,542.8321728172806,533.3521721804118,538.141845703125,36023000,0.0,0.0
2025-10-30 00:00:00-04:00,527.1414377363435,531.6031704966998,518.8340654321457,522.451171875,41023100,0.0,0.0
2025-10-31 00:00:00-04:00,525.5515477587454,525.9887810857076,511.85824179468614,514.5512084960938,34006400,0.0,0.0
2025-11-03 00:00:00-05:00,516.5385956979154,521.6562086548496,511.3514766558802,513.776123046875,22374700,0.0,0.0
2025-11-04 00:00:00-05:00,508.53933673798264,512.3054631947169,504.64399323613884,511.0931701660156,20958700,0.0,0.0
2025-11-05 00:00:00-05:00,510.0695738143288,511.58997398954807,503.39186440425516,503.9682312011719,23024300,0.0,0.0
2025-11-06 00:00:00-05:00,502.47768369906356,502.51744045426454,492.6896676102462,493.9715576171875,27406500,0.0,0.0
2025-11-07 00:00:00-05:00,493.8225155697467,496.2372153715257,490.1457889557352,493.6933288574219,24019800,0.0,0.0
2025-11-10 00:00:00-05:00,496.8930386116327,503.6601778844964,495.66082185127294,502.8155212402344,26101500,0.0,0.0
2025-11-11 00:00:00-05:00,501.6230817360039,506.39289163210333,499.18851875070465,505.4786682128906,17980000,0.0,0.0
2025-11-12 00:00:00-05:00,506.1543908722183,508.4498810705414,495.9788447581273,507.9232177734375,26574900,0.0,0.0
2025-11-13 00:00:00-05:00,507.098398329558,510.26832472026865,498.1351759673349,500.1225891113281,25273100,0.0,0.0
2025-11-14 00:00:00-05:00,495.0944623167857,508.38031503091224,494.30942559248354,506.96923828125,28505700,0.0,0.0
2025-11-17 00:00:00-05:00,505.2501227292945,508.8970088955905,501.7323929449627,504.296142578125,19092800,0.0,0.0
2025-11-18 00:00:00-05:00,492.2524466910109,499.8145698875434,483.71651040889276,490.6824035644531,33815100,0.0,0.0
2025-11-19 00:00:00-05:00,487.0156083775533,492.0735713081103,479.79134202204426,484.0543518066406,23245300,0.0,0.0
2025-11-20 00:00:00-05:00,490.5255566668064,491.3817596467919,473.39186588492817,476.3088684082031,26802500,0.91,0.0
2025-11-21 00:00:00-05:00,476.3785437287191,476.796695003642,466.19388806310616,470.0268249511719,31769200,0.0,0.0
2025-11-24 00:00:00-05:00,472.8940955697233,474.7856658755464,465.9450303435204,471.8985290527344,34421000,0.0,0.0
2025-11-25 00:00:00-05:00,471.9681767111092,477.0256407210385,462.82888433135173,474.8752136230469,28019800,0.0,0.0
2025-11-26 00:00:00-05:00,484.1539100429923,486.14504291080743,479.06658014921754,483.3475036621094,25709100,0.0,0.0
2025-11-28 00:00:00-05:00,485.4382224868377,490.44592067381114,484.49242217644115,489.82867431640625,14386700,0.0,0.0
2025-12-01 00:00:00-05:00,486.27447583839387,487.68816317334665,482.5012705124726,484.5820007324219,23964000,0.0,0.0
2025-12-02 00:00:00-05:00,484.56211884124775,491.312058367048,484.16389832530854,487.82757568359375,19562700,0.0,0.0
2025-12-03 00:00:00-05:00,474.2082166599713,482.09308589504883,473.0931871020635,475.6119689941406,34615100,0.0,0.0
2025-12-04 00:00:00-05:00,477.6329620200481,479.186043226252,474.3774403367437,478.7081604003906,22318200,0.0,0.0
2025-12-05 00:00:00-05:00,480.3807061976695,481.2568095233099,476.7568601661199,481.01788330078125,22608700,0.0,0.0
2025-12-08 00:00:00-05:00,482.74025101921535,490.11737199051475,482.2325023858298,488.8430480957031,21965900,0.0,0.0
2025-12-09 00:00:00-05:00,486.93155551686203,489.93815525049575,486.33420957194573,489.8385925292969,14696100,0.0,0.0
2025-12-10 00:00:00-05:00,481.88401246545567,482.10303829287767,472.973680864489,476.4382629394531,35756200,0.0,0.0
2025-12-11 00:00:00-05:00,474.51683677020293,483.8751552220924,473.750231167373,481.3265075683594,24669200,0.0,0.0
2025-12-12 00:00:00-05:00,477.69270598810584,480.31105063829824,474.22812377070755,476.4084167480469,21248100,0.0,0.0
2025-12-15 00:00:00-05:00,477.97146396596463,478.588710310573,470.42505317808707,472.7148742675781,23727700,0.0,0.0
2025-12-16 00:00:00-05:00,469.8177748762136,475.7712732838117,468.79234263095657,474.2779235839844,20705600,0.0,0.0
2025-12-17 00:00:00-05:00,474.79560024235434,477.8718969329872,472.8940646732686,474.00909423828125,24527200,0.0,0.0
2025-12-18 00:00:00-05:00,476.06992080908344,487.4293375934554,475.7712630284666,481.8342590332031,28573500,0.0,0.0
2025-12-19 00:00:00-05:00,485.1992432324443,485.68709144559693,480.35083955461556,483.7656555175781,70836100,0.0,0.0
2025-12-22 00:00:00-05:00,483.9647726311972,486.5632169440421,480.5499868948874,482.7701110839844,16963000,0.0,0.0
2025-12-23 00:00:00-05:00,482.829854335465,485.66719456773416,482.5908977144131,484.6915588378906,14683600,0.0,0.0
2025-12-24 00:00:00-05:00,483.5267014178325,486.99128356758627,482.680463867149,485.8563232421875,5855900,0.0,0.0
2025-12-26 00:00:00-05:00,484.5521629916047,485.95591540329985,483.8054881161676,485.5477294921875,8842200,0.0,0.0
2025-12-29 00:00:00-05:00,482.71034015280554,486.1848877649252,482.0333622504328,484.9404296875,10893400,0.0,0.0
2025-12-30 00:00:00-05:00,483.77560983811236,487.5089841188462,483.3475235456682,485.3187561035156,13944500,0.0,0.0
2025-12-31 00:00:00-05:00,485.6771523949816,485.97584057107747,481.15727202744546,481.4758605957031,15601600,0.0,0.0
2026-01-02 00:00:00-05:00,482.24244872265706,482.5112407273309,468.07552715971417,470.84320068359375,25571600,0.0,0.0
2026-01-05 00:00:00-05:00,471.95822796941724,473.95932625248497,467.41844739653146,470.75360107421875,25250300,0.0,0.0
2026-01-06 00:00:00-05:00,471.69937935780575,476.617480129593,467.6673473241013,476.3885192871094,23037700,0.0,0.0
2026-01-07 00:00:00-05:00,477.63296458601815,487.5288974221053,475.83099176167434,481.3265075683594,25564200,0.0,0.0
2026-01-08 00:00:00-05:00,479.10639276886474,480.5201105081445,473.7502403609407,475.9902648925781,18162600,0.0,0.0
2026-01-09 00:00:00-05:00,471.9582322108041,477.6927047258898,470.106493184136,477.15509033203125,18491000,0.0,0.0
2026-01-12 00:00:00-05:00,474.5566738594685,478.85749783991434,473.57104241242143,475.06439208984375,23519900,0.0,0.0
2026-01-13 00:00:00-05:00,472.57548334410274,473.6706125344443,463.88420753037366,468.5832824707031,28545800,0.0,0.0
2026-01-14 00:00:00-05:00,464.3919508718589,466.12425727832346,455.14315976714454,457.3433532714844,28184300,0.0,0.0
2026-01-15 00:00:00-05:00,462.06232415810086,462.191752665677,453.8787662235596,454.6354064941406,23225800,0.0,0.0
2026-01-16 00:00:00-05:00,455.8001987238622,461.13645097900303,454.4562082505655,457.8211975097656,34246700,0.0,0.0
2026-01-20 00:00:00-05:00,449.2194951600843,454.77474258752966,447.28809381488645,452.5048522949219,26130000,0.0,0.0
2026-01-21 00:00:00-05:00,450.5933708341933,450.6829681667298,436.73507280530305,442.1409912109375,37980500,0.0,0.0
2026-01-22 00:00:00-05:00,445.6354487179439,450.8323067932568,442.7284117030413,449.1398620605469,25349400,0.0,0.0
2026-01-23 00:00:00-05:00,449.8665935761158,469.01134678020316,448.5325382185013,463.8841857910156,38000200,0.0,0.0
2026-01-26 00:00:00-05:00,463.2470104625561,472.14737672642065,459.9516880286902,468.1949768066406,29291200,0.0,0.0
2026-01-27 00:00:00-05:00,471.59986874099184,480.72919663912324,471.06225431764057,478.4493408203125,29213900,0.0,0.0
2026-01-28 00:00:00-05:00,481.0676409982362,481.59528998521284,475.8807484603396,479.4946594238281,36875400,0.0,0.0
2026-01-29 00:00:00-05:00,438.0392806211351,440.5381621786467,419.1533835040837,431.57806396484375,128855300,0.0,0.0
2026-01-30 00:00:00-05:00,437.2229285851671,437.65101486434605,424.55932220203715,428.3822937011719,58566800,0.0,0.0
2026-02-02 00:00:00-05:00,428.33251789753194,428.8303011436502,420.37795134689077,421.49298095703125,42219900,0.0,0.0
2026-02-03 00:00:00-05:00,420.1390072256922,420.178808008447,406.7486263222299,409.3868713378906,61424100,0.0,0.0
2026-02-04 00:00:00-05:00,409.17783910585314,417.93881231579195,407.4256323109538,412.35369873046875,45012400,0.0,0.0
2026-02-05 00:00:00-05:00,405.6335909812077,406.4897635323938,390.5806313349955,391.9246520996094,66289200,0.0,0.0
2026-02-06 00:00:00-05:00,397.4002746193236,400.0086538663787,391.17798428483076,399.3615417480469,53515300,0.0,0.0
2026-02-09 00:00:00-05:00,403.0550898097971,413.05058563481117,399.0927243377603,411.76629638671875,45480500,0.0,0.0
2026-02-10 00:00:00-05:00,417.75959730190846,421.80159473973595,410.8702943432265,411.437744140625,44857900,0.0,0.0
2026-02-11 00:00:00-05:00,414.33481566901673,414.61357304478975,399.2320904458023,402.5771789550781,42491000,0.0,0.0
2026-02-12 00:00:00-05:00,403.20440420967,404.3990960787573,396.24540458526855,400.05841064453125,40802400,0.0,0.0
2026-02-13 00:00:00-05:00,402.65686886295305,403.7420326637702,396.2852191820681,399.5407409667969,34091600,0.0,0.0
2026-02-17 00:00:00-05:00,397.45004705087115,398.7442713079252,392.78083787972264,395.1004943847656,32078800,0.0,0.0
2026-02-18 00:00:00-05:00,396.3648548030424,400.77520665339193,394.56288205367116,397.8283386230469,23223400,0.0,0.0
2026-02-19 00:00:00-05:00,399.82403795970674,403.55594539020564,395.8127368785549,397.5988464355469,28234000,0.91,0.0
2026-02-20 00:00:00-05:00,395.2539159508346,399.2552593187824,394.3059873534157,396.37152099609375,34015200,0.0,0.0
2026-02-23 00:00:00-05:00,394.14630950985264,394.50551684604494,382.27203437696886,383.6390686035156,43238300,0.0,0.0
2026-02-24 00:00:00-05:00,383.30981969967445,388.5185091169527,380.88504821898124,388.1593017578125,33884700,0.0,0.0
2026-02-25 00:00:00-05:00,389.68597856263057,400.60233728073825,389.31678308531696,399.7342224121094,43625500,0.0,0.0
2026-02-26 00:00:00-05:00,403.8353349281015,406.6093255926281,397.8782360341113,400.851806640625,34405900,0.0,0.0
2026-02-27 00:00:00-05:00,390.03523926255787,395.9624042352165,389.0374004516944,391.8912048339844,51367200,0.0,0.0
2026-03-02 00:00:00-05:00,392.01092411942045,400.32293811697235,389.78576315389057,397.6886291503906,35474900,0.0,0.0
2026-03-03 00:00:00-05:00,392.2903484387299,405.82103971635513,391.82136299902305,403.0570068359375,38199200,0.0,0.0
2026-03-04 00:00:00-05:00,400.4027502952161,410.14166638677375,399.44483360720756,404.32427978515625,35808000,0.0,0.0
2026-03-05 00:00:00-05:00,403.54596943015656,410.72040218284053,403.525993165685,409.79241943359375,39001300,0.0,0.0
2026-03-06 00:00:00-05:00,408.31564337314285,412.1572983375802,407.6271321747383,408.0761413574219,31123900,0.0,0.0
2026-03-09 00:00:00-04:00,404.044890641513,409.3234358422322,402.62794618065146,408.5251770019531,30131900,0.0,0.0
2026-03-10 00:00:00-04:00,409.1438479339772,409.31349393117443,402.05918625996463,404.8830871582031,31706400,0.0,0.0
2026-03-11 00:00:00-04:00,404.6934855668013,408.1260534422115,400.7220762180728,404.0049743652344,25512100,0.0,0.0
2026-03-12 00:00:00-04:00,403.7555185610488,405.2422886286942,400.84181586601125,400.9914855957031,27263900,0.0,0.0
2026-03-13 00:00:00-04:00,400.13336309353434,403.9251383935716,393.3979511212616,394.69512939453125,26848000,0.0,0.0
2026-03-16 00:00:00-04:00,397.209690545171,399.7641553863696,393.9367805641587,399.08563232421875,27733700,0.0,0.0
2026-03-17 00:00:00-04:00,399.4049101655112,403.5259891234105,396.8903674487218,398.5467834472656,26228300,0.0,0.0
2026-03-18 00:00:00-04:00,396.271723303423,397.13983817793417,390.1549666521916,390.9432678222656,25908500,0.0,0.0
2026-03-19 00:00:00-04:00,389.2569126674818,391.6417315076428,386.2234742615233,388.1792297363281,25138800,0.0,0.0
2026-03-20 00:00:00-04:00,385.95408868282834,386.16362631018524,379.29849030352204,381.0447082519531,50853200,0.0,0.0
2026-03-23 00:00:00-04:00,383.07032058481127,386.3731646745857,380.85511716508233,382.1722717285156,29680100,0.0,0.0
2026-03-24 00:00:00-04:00,381.53362193174286,381.6434000325674,371.04635704379217,371.9344177246094,42733600,0.0,0.0
2026-03-25 00:00:00-04:00,376.10542586510894,376.2451074667104,368.831172255135,370.2381286621094,31181200,0.0,0.0
2026-03-26 00:00:00-04:00,370.01860155518807,373.9101668945663,364.4007640805619,365.1790771484375,36836600,0.0,0.0
2026-03-27 00:00:00-04:00,361.11784971721505,361.6666793192034,355.73951450811694,355.9989318847656,37883400,0.0,0.0
2026-03-30 00:00:00-04:00,361.1178525849577,364.5703662773937,355.51000344849933,358.1842041015625,44797000,0.0,0.0
2026-03-31 00:00:00-04:00,363.7621155862403,372.09407550142714,362.28533367877645,369.3699951171875,45244400,0.0,0.0
2026-04-01 00:00:00-04:00,372.682807332766,373.1817267376728,367.4042619540212,368.57171630859375,29417200,0.0,0.0
2026-04-02 00:00:00-04:00,366.41637016886637,372.83249667260446,363.3629859357669,372.6528625488281,24099100,0.0,0.0
2026-04-06 00:00:00-04:00,372.682794233078,372.92229624611906,368.70142726638517,372.0741271972656,16146600,0.0,0.0
2026-04-07 00:00:00-04:00,369.5396147715723,371.64507045865594,365.7677853538718,371.48541259765625,21443300,0.0,0.0
2026-04-08 00:00:00-04:00,384.148004001906,384.167949815935,370.6073237610428,373.52099609375,33064800,0.0,0.0
2026-04-09 00:00:00-04:00,371.6949574789129,372.6927962909368,366.2567237727329,372.26373291015625,30435300,0.0,0.0
2026-04-10 00:00:00-04:00,372.17393720824543,374.8281921461914,369.23030048358606,370.0684814453125,28111100,0.0,0.0
2026-04-13 00:00:00-04:00,372.8025510733858,383.70895264062807,370.2181521550117,383.539306640625,35745800,0.0,0.0
2026-04-14 00:00:00-04:00,387.0816509997633,393.83700889302276,385.684652281273,392.2604064941406,37504500,0.0,0.0
2026-04-15 00:00:00-04:00,397.1398382929036,413.47445440771634,395.8725939925935,410.3312683105469,45063400,0.0,0.0
2026-04-16 00:00:00-04:00,418.95258572248235,419.9105328997013,411.2492993874727,419.35174560546875,41642400,0.0,0.0
2026-04-17 00:00:00-04:00,423.9018933176335,430.64726300981,419.78081413338697,421.87628173828125,48568200,0.0,0.0
2026-04-20 00:00:00-04:00,420.2398034863272,422.4150847565369,415.40027922801784,417.1664733886719,27582200,0.0,0.0
2026-04-21 00:00:00-04:00,419.33177508554746,426.25677891783357,416.2983670043314,423.2433166503906,32048500,0.0,0.0
2026-04-22 00:00:00-04:00,425.2689090952171,432.7626880248645,422.7543663498755,431.984375,29378200,0.0,0.0
2026-04-23 00:00:00-04:00,418.9825380949446,422.7443793162959,410.5208543154444,414.8514709472656,38308000,0.0,0.0
2026-04-24 00:00:00-04:00,416.0688403922519,424.0316048781353,414.9013556123021,423.7023010253906,27457400,0.0,0.0
2026-04-27 00:00:00-04:00,421.46715688013995,426.1869149113369,416.1686352924954,423.9018859863281,30867300,0.0,0.0
2026-04-28 00:00:00-04:00,423.6524179624475,428.99086152362304,420.9881750222059,428.3222961425781,30438100,0.0,0.0
2026-04-29 00:00:00-04:00,423.6623688360089,425.8975483734993,419.38166246548025,423.5426330566406,38288300,0.0,0.0
2026-04-30 00:00:00-04:00,409.92216255995794,413.5243765293071,397.1498378648014,406.8987121582031,70909400,0.0,0.0
2026-05-01 00:00:00-04:00,411.9078412872606,416.2085240460113,409.5529563541748,413.5443115234375,31372400,0.0,0.0
2026-05-04 00:00:00-04:00,410.6505829404435,419.87060358807366,409.91216153093814,412.72607421875,28066500,0.0,0.0
2026-05-05 00:00:00-04:00,414.42242364358015,415.8792597859335,407.916495085617,410.4909362792969,25700900,0.0,0.0
2026-05-06 00:00:00-04:00,407.11822745622237,417.51572107575487,404.23445872829495,413.0653381347656,30285900,0.0,0.0
2026-05-07 00:00:00-04:00,419.2020489501835,427.05506598481406,417.8549909144547,419.8606262207031,34942400,0.0,0.0
2026-05-08 00:00:00-04:00,416.48795292910256,417.7252633012779,413.105264767488,414.22283935546875,33383800,0.0,0.0
2026-05-11 00:00:00-04:00,406.9885016374445,411.79809190456297,404.6236285818644,411.7681579589844,35657900,0.0,0.0
2026-05-12 00:00:00-04:00,413.58422243338293,414.6020070114768,405.76117016707224,406.8887023925781,38594200,0.0,0.0
2026-05-13 00:00:00-04:00,402.3286237155428,405.4318878236479,400.1633000811369,404.3342590332031,29667100,0.0,0.0
2026-05-14 00:00:00-04:00,403.6058516736889,410.94993067744383,400.013625877668,408.5451354980469,27077500,0.0,0.0
2026-05-15 00:00:00-04:00,413.3746572242232,427.24464052002446,412.01761111071977,421.0081481933594,50771200,0.0,0.0
2026-05-18 00:00:00-04:00,415.71960624154525,424.2012362508279,414.7117792841577,422.6246643066406,32564100,0.0,0.0
2026-05-19 00:00:00-04:00,428.9708919761278,431.7648588737268,415.58987007798993,416.51788330078125,33018700,0.0,0.0
2026-05-20 00:00:00-04:00,413.2749005432513,421.18775475321456,410.4110776678385,420.1499938964844,27864000,0.0,0.0
2026-05-21 00:00:00-04:00,424.75,426.3399963378906,415.7099914550781,419.0899963378906,31393500,0.91,0.0
2026-05-22 00:00:00-04:00,419.5400085449219,424.3999938964844,416.3299865722656,418.57000732421875,22390300,0.0,0.0
2026-05-26 00:00:00-04:00,416.42999267578125,419.7699890136719,413.0199890136719,416.0299987792969,30398000,0.0,0.0
2026-05-27 00:00:00-04:00,411.010009765625,415.94000244140625,409.5799865722656,412.6700134277344,28901500,0.0,0.0
2026-05-28 00:00:00-04:00,412.9800109863281,429.489990234375,412.6700134277344,426.989990234375,47250500,0.0,0.0
2026-05-29 00:00:00-04:00,432.54998779296875,450.3299865722656,432.3599853515625,450.239990234375,79654400,0.0,0.0
2026-06-01 00:00:00-04:00,464.8399963378906,466.32000732421875,458.2699890136719,460.5199890136719,53628900,0.0,0.0
2026-06-02 00:00:00-04:00,446.8800048828125,453.5,440.42999267578125,441.30999755859375,37036800,0.0,0.0
2026-06-03 00:00:00-04:00,438.45001220703125,440.3900146484375,424.25,427.3399963378906,39037000,0.0,0.0
2026-06-04 00:00:00-04:00,435.80999755859375,436.1499938964844,426.4100036621094,428.04998779296875,26899500,0.0,0.0
2026-06-05 00:00:00-04:00,428.3399963378906,429.4700012207031,414.3999938964844,416.6700134277344,34782200,0.0,0.0
2026-06-08 00:00:00-04:00,414.1400146484375,417.1600036621094,408.55999755859375,411.739990234375,32086700,0.0,0.0
2026-06-09 00:00:00-04:00,409.0299987792969,411.9800109863281,398.4800109863281,403.4100036621094,35317300,0.0,0.0
2026-06-10 00:00:00-04:00,398.54998779296875,405.0400085449219,397.1600036621094,397.3599853515625,32576000,0.0,0.0
2026-06-11 00:00:00-04:00,395.2099914550781,396.8500061035156,384.0,390.3399963378906,47224100,0.0,0.0
2026-06-12 00:00:00-04:00,391.42999267578125,391.739990234375,382.2699890136719,390.739990234375,34865800,0.0,0.0
2026-06-15 00:00:00-04:00,396.79998779296875,401.75,392.8500061035156,399.760009765625,32266400,0.0,0.0
2026-06-16 00:00:00-04:00,395.7900085449219,396.8399963378906,390.69000244140625,393.8299865722656,31506800,0.0,0.0
2026-06-17 00:00:00-04:00,390.25,390.3699951171875,377.32000732421875,378.9100036621094,41987800,0.0,0.0
2026-06-18 00:00:00-04:00,377.82000732421875,381.3699951171875,373.2799987792969,379.3999938964844,59714200,0.0,0.0
2026-06-22 00:00:00-04:00,375.739990234375,381.6300048828125,367.07000732421875,367.3399963378906,45171100,0.0,0.0
2026-06-23 00:00:00-04:00,372.3800048828125,377.2200012207031,370.6700134277344,373.94000244140625,40647600,0.0,0.0
2026-06-24 00:00:00-04:00,371.57000732421875,378.8800048828125,364.7799987792969,365.4599914550781,44509900,0.0,0.0
2026-06-25 00:00:00-04:00,362.7699890136719,364.2300109863281,349.20001220703125,352.8299865722656,66179000,0.0,0.0
2026-06-26 00:00:00-04:00,357.1499938964844,376.6099853515625,355.42999267578125,372.9700012207031,186201600,0.0,0.0
2026-06-29 00:00:00-04:00,377.5,380.5,359.8999938964844,368.57000732421875,51229900,0.0,0.0
2026-06-30 00:00:00-04:00,371.0299987792969,374.1499938964844,367.45001220703125,373.0199890136719,44945700,0.0,0.0
2026-07-01 00:00:00-04:00,380.8299865722656,388.8299865722656,374.8900146484375,384.2799987792969,48065800,0.0,0.0
2026-07-02 00:00:00-04:00,384.4800109863281,392.20001220703125,383.70001220703125,390.489990234375,42128900,0.0,0.0
2026-07-06 00:00:00-04:00,387.0400085449219,389.1499938964844,381.2200012207031,386.739990234375,34224500,0.0,0.0
2026-07-07 00:00:00-04:00,392.489990234375,395.57000732421875,388.2200012207031,388.8399963378906,29297500,0.0,0.0
2026-07-08 00:00:00-04:00,384.0299987792969,385.30999755859375,381.3299865722656,383.3399963378906,25908300,0.0,0.0
2026-07-09 00:00:00-04:00,374.45001220703125,384.6499938964844,373.3500061035156,384.3599853515625,31083200,0.0,0.0
2026-07-10 00:00:00-04:00,387.79998779296875,391.9100036621094,381.5,385.1000061035156,24644600,0.0,0.0
2026-07-13 00:00:00-04:00,387.75,393.6499938964844,384.1499938964844,390.989990234375,28914900,0.0,0.0
2026-07-14 00:00:00-04:00,382.82000732421875,388.19000244140625,378.6499938964844,384.92999267578125,27863900,0.0,0.0
2026-07-15 00:00:00-04:00,387.79998779296875,398.9599914550781,386.3999938964844,395.6300048828125,36253700,0.0,0.0
2026-07-16 00:00:00-04:00,398.30999755859375,405.989990234375,392.04998779296875,401.1000061035156,37047400,0.0,0.0
2026-07-17 00:00:00-04:00,394.8599853515625,398.3900146484375,389.3900146484375,393.82000732421875,33049800,0.0,0.0
2026-07-20 00:00:00-04:00,391.4100036621094,403.17999267578125,389.6499938964844,402.2900085449219,27915800,0.0,0.0
2026-07-21 00:00:00-04:00,398.80999755859375,401.4700012207031,396.32000732421875,397.75,24126600,0.0,0.0
2026-07-22 00:00:00-04:00,399.5799865722656,401.0,386.9599914550781,390.3399963378906,28142500,0.0,0.0
2026-07-23 00:00:00-04:00,389.9700012207031,391.7799987792969,377.3900146484375,381.5799865722656,30351800,0.0,0.0
2026-07-24 00:00:00-04:00,387.04998779296875,389.0299987792969,380.6499938964844,381.70001220703125,27659400,0.0,0.0
2026-07-27 00:00:00-04:00,390.0799865722656,394.20001220703125,387.989990234375,389.1000061035156,27856200,0.0,0.0
2026-07-28 00:00:00-04:00,393.1600036621094,400.32000732421875,391.29998779296875,393.3500061035156,32367500,0.0,0.0
2026-07-29 00:00:00-04:00,393.3999938964844,401.25,388.739990234375,390.5400085449219,47209000,0.0,0.0
2026-07-30 00:00:00-04:00,437.8999938964844,458.69000244140625,432.44000244140625,451.1000061035156,110160700,0.0,0.0
2026-07-31 00:00:00-04:00,450.0,466.8399963378906,449.3299865722656,464.7200012207031,60748000,0.0,0.0
2026-08-03 00:00:00-04:00,476.3949890136719,491.6400146484375,475.0000915527344,489.635009765625,46719673,0.0,0.0
